Workbook

Sheet Raw_Data
A1: EmployeeID | B1: Gender | C1: Location | D1: Department | E1: Role | F1: ContractType | G1: HireSource | H1: HireDate | I1: ExitDate | J1: BirthDate | K1: Salary | L1: Salary_left
A2: E00001 | C2: New York | D2: IT | E2: Sales Executive | F2: Full-Time | G2: career fairs | H2: 40644 | J2: 38567 | K2: $116056 | L2: $116056
A3: E00002 | B3: M | C3: Austin | D3: Research | E3: Sales Executive | F3: Full-Time | H3: 40461 | J3: 27505 | K3: 55k | L3: 55k
A4: E00003 | B4: Female | C4: Seattle | D4: Operations | E4: COO | F4: Part-Time | G4: Recruiting Agency | H4: 42794 | J4: 24668
A5: E00004 | C5: Austin | D5: IT | E5: Developer | F5: full time | H5: 40096 | J5: 24231 | K5: 43k | L5: 43k
A6: E00005 | B6: Male | C6: Denver | D6: IT | E6: Marketing Manager | F6: Full-Time | G6: career fairs | H6: 39983 | J6: 23144
A7: E00006 | D7: Administrative | E7: Developer | F7: Full-Time | G7: job boards | H7: 43104 | J7: 27832 | K7: $112467 | L7: $112467
A8: E00007 | C8: austin | D8: IT | E8: Copywriter | F8: Part-Time | G8: Job Boards | H8: 41319 | I8: 42882
A9: E00008 | B9: FEMALE | C9: New York | D9: Legal | E9: developer | G9: Job Boards | H9: 43023 | I9: 44345 | J9: 34583 | K9: 111222 | L9: 111222
A10: E00009 | D10: Customer Service | E10: Analyst | F10: part time | G10: Job Boards | H10: 43223 | J10: 28678 | K10: $108356 | L10: $108356
A11: E00010 | B11: Male | C11: New york | D11: marketing | E11: developer | F11: Hourly Rate | G11: Job Boards | H11: 40250 | I11: 40485 | J11: 33563 | K11: 40k | L11: 40k
A12: E00011 | C12: austin | E12: Engineer | G12: Online Portal | H12: 42580 | I12: 44498 | K12: 107109 | L12: 107109
A13: E00012 | B13: F | D13: Sales | E13: Marketing Manager | G13: Internal Referral | H13: 42290 | K13: 35k | L13: 35k
A14: E00013 | B14: F | D14: Administrative | E14: Marketing Manager | F14: full time | H14: 42813 | J14: 22130 | K14: 79318 | L14: 79318
A15: E00014 | B15: Male | C15: New york | D15: marketing | E15: COO | G15: Organic | H15: N/A | J15: 25946 | K15: 52k | L15: $75703
A16: E00015 | B16: FEMALE | C16: Austin | D16: Customer Service | E16: Engineer | F16: Full-Time | G16: Career Fairs | H16: 44154 | J16: 26131 | K16: $75703 | L16: 66358
A17: E00016 | B17: FEMALE | C17: Seattle | D17: Research | E17: Sales Executive | F17: full time | G17: Organic | H17: N/A | I17: 41365 | J17: 36453 | K17: $104576
C18: Miami | D18: Marketing | E18: Developer | F18: Full-Time | G18: Organic | H18: 40093 | J18: 33946 | K18: 66358 | L18: 80005
A19: E00018 | B19: male | C19: New york | E19: HR Manager | F19: Full-Time | H19: 39865 | I19: 41288 | J19: 33757
A20: E00019 | B20: FEMALE | D20: marketing | E20: CFO | F20: Full-Time | G20: job boards | H20: 42319 | J20: 34621 | K20: 80005 | L20: 49491
A21: E00020 | B21: Male | C21: New york | D21: IT | E21: Engineer | G21: Organic | H21: 41906 | I21: 42277 | J21: 38387
A22: E00021 | B22: Male | C22: austin | D22: Legal | E22: Accountant | F22: full time | G22: Career Fairs | H22: N/A | I22: 45462 | J22: 34945 | L22: $90148
A23: E00022 | B23: male | D23: Logistics | E23: Developer | F23: part time | H23: 41005 | J23: 24098 | K23: 49491
A24: E00023 | B24: FEMALE | C24: San Diego | D24: Administrative | E24: Copywriter | F24: Full-Time | G24: career fairs | H24: 43786 | J24: 31255 | L24: 110k
A25: E00024 | C25: San Diego | D25: Marketing | E25: CEO | H25: 41033 | J25: 27366 | K25: $90148 | L25: 83205
A26: E00025 | B26: F | C26: New York | D26: Marketing | E26: Developer | H26: 43268 | I26: 44640 | J26: 25689
A27: E00026 | B27: Male | E27: CFO | F27: Part-Time | G27: Internal Referral | H27: 43530 | I27: 45319 | J27: 23460 | K27: 110k | L27: 76k
A28: E00027 | C28: austin | D28: IT | E28: CMO | G28: Career Fairs | H28: 43015 | K28: 83205
A29: E00028 | B29: FEMALE | C29: austin | D29: Research | E29: CEO | G29: Job Boards | H29: 43799 | J29: 28077 | L29: $61880
A30: E00029 | B30: F | C30: San Diego | D30: Administrative | E30: Engineer | G30: Internal Referral | H30: 41064 | I30: 42846 | J30: 27368 | K30: 76k
A31: E00030 | B31: male | C31: Denver | D31: Legal | E31: Sales Executive | G31: Online Portal | H31: N/A | I31: 43885 | J31: 30355 | L31: 59k
A32: E00031 | B32: M | C32: Austin | D32: Sales | E32: Analyst | G32: career fairs | H32: 39845 | J32: 30079
A33: E00032 | B33: M | C33: Austin | D33: Marketing | E33: HR Manager | F33: Part-Time | G33: Organic | H33: 41099 | I33: 41752 | J33: 29578 | K33: $61880 | L33: 31k
A34: E00033 | B34: M | C34: San Diego | D34: Administrative | F34: part time | G34: Job Boards | H34: 40487 | J34: 23735 | L34: 77517
A35: E00034 | B35: FEMALE | C35: Austin | D35: Legal | E35: Accountant | G35: Online Portal | H35: 43357 | J35: 37123 | K35: 59k | L35: 85503
A36: E00035 | C36: Miami | D36: IT | E36: CFO | G36: Career Fairs | H36: 43073 | I36: 43442 | J36: 23623
A37: E00036 | B37: F | C37: Miami | D37: Operations | E37: Accountant | F37: part time | G37: Recruiting Agency | H37: 42211 | J37: 36512 | K37: 31k | L37: 63023
A38: E00037 | B38: FEMALE | C38: austin | D38: IT | F38: Hourly Rate | G38: Career Fairs | H38: 39948 | J38: 29201 | K38: 77517
A39: E00038 | B39: Female | C39: Denver | D39: Marketing | F39: Full-Time | H39: 44034 | J39: 37775 | K39: 85503
A40: E00039 | B40: Male | C40: New York | D40: Production | E40: Analyst | F40: Hourly Rate | G40: Job Boards | H40: 42557 | I40: 42695 | J40: 36236 | L40: 51k
A41: E00040 | B41: Male | C41: San Diego | D41: Logistics | E41: CEO | G41: Recruiting Agency | H41: 41683 | I41: 43118 | J41: 23433 | K41: 63023 | L41: $102517
A42: E00041 | B42: FEMALE | C42: San Diego | D42: Production | E42: CFO | F42: Hourly Rate | G42: Organic | H42: 40426 | I42: 41976 | J42: 22851 | L42: 55211
A43: E00042 | B43: F | C43: Miami | D43: Human Resources | E43: Marketing Manager | F43: Hourly Rate | G43: Organic | H43: 40459 | J43: 31082 | L43: 53964
A44: E00043 | B44: FEMALE | D44: Research | E44: Copywriter | F44: Full-Time | G44: Recruiting Agency | H44: 43954 | J44: 31872 | K44: 51k | L44: $42730
A45: E00044 | D45: IT | E45: CEO | G45: career fairs | H45: 43665 | J45: 22259 | K45: $102517 | L45: 91876
A46: E00045 | D46: Human Resources | F46: Full-Time | G46: Internal Referral | H46: 41522 | J46: 30301 | K46: 55211
A47: E00046 | B47: M | C47: Miami | D47: Legal | E47: Engineer | F47: part time | H47: 39981 | I47: 40476 | J47: 37272 | K47: 53964 | L47: $42919
A48: E00047 | B48: Female | C48: New York | E48: CFO | G48: career fairs | H48: 42907 | I48: 44659 | J48: 37492 | K48: $42730
A49: E00048 | E49: CMO | H49: 41481 | J49: 22595 | K49: 91876 | L49: 67613
A50: E00049 | B50: F | C50: New York | D50: Human Resources | E50: developer | F50: Part-Time | G50: Recruiting Agency | H50: 41714 | J50: 34006
A51: E00050 | B51: M | C51: austin | E51: Sales Executive | F51: Full-Time | G51: Organic | H51: 41816 | J51: 33690 | K51: $42919 | L51: $115355
A52: E00051 | B52: F | C52: Denver | D52: Research | E52: Accountant | F52: full time | G52: Organic | H52: 41667 | J52: 30769
A53: E00052 | B53: Female | C53: austin | D53: Customer Service | E53: Sales Executive | F53: Hourly Rate | G53: Recruiting Agency | H53: 42764 | J53: 38044 | K53: 67613 | L53: $59316
A54: E00053 | C54: New York | D54: Accounting and Finance | F54: Full-Time | G54: career fairs | H54: 41142 | J54: 37844
A55: E00054 | C55: New york | D55: Marketing | E55: COO | G55: Job Boards | H55: 42341 | J55: 25576 | K55: $115355 | L55: 96k
A56: E00055 | B56: male | D56: Production | E56: Analyst | F56: full time | G56: Recruiting Agency | H56: N/A | J56: 30686 | K56: 92074 | L56: 55k
A57: E00056 | C57: New york | D57: Operations | E57: CEO | F57: full time | G57: Organic | H57: 41601 | J57: 26452 | L57: 49776
A58: E00057 | B58: M | D58: Logistics | E58: Copywriter | F58: Full-Time | H58: 42650 | J58: 32408 | K58: $59316 | L58: 97307
A59: E00058 | D59: Administrative | E59: Marketing Manager | G59: Career Fairs | H59: 40081 | I59: 41146 | J59: 24049 | L59: $118424
A60: E00059 | B60: Female | C60: New York | D60: Operations | E60: COO | F60: Hourly Rate | G60: Career Fairs | H60: 43392 | J60: 22682 | K60: 96k | L60: 57k
A61: E00060 | B61: Female | C61: Miami | D61: Research | E61: developer | F61: Hourly Rate | G61: Organic | H61: 40377 | J61: 24845 | K61: 55k | L61: 63934
A62: E00061 | B62: Male | C62: San Diego | D62: Logistics | E62: Engineer | G62: career fairs | H62: 43707 | J62: 25034 | K62: 49776 | L62: 82k
A63: E00062 | B63: M | D63: Customer Service | E63: Engineer | F63: Part-Time | G63: Job Boards | H63: N/A | J63: 35220 | K63: 33557
A64: E00063 | B64: F | D64: marketing | E64: CMO | F64: part time | G64: Internal Referral | H64: 41950 | J64: 36637 | K64: 97307 | L64: 114451
A65: E00064 | C65: Seattle | D65: IT | E65: Sales Executive | F65: Part-Time | H65: 40802 | J65: 27277 | K65: $118424 | L65: 65k
A66: E00065 | B66: FEMALE | C66: New York | D66: Human Resources | E66: HR Manager | F66: part time | G66: Internal Referral | H66: 43374 | J66: 28299 | K66: 57k | L66: $73503
A67: E00066 | C67: austin | D67: marketing | E67: developer | F67: Full-Time | H67: 40217 | J67: 26687 | K67: 63934
A68: E00067 | B68: FEMALE | C68: Miami | D68: IT | E68: Designer | F68: Hourly Rate | G68: Career Fairs | H68: 41147 | I68: 42780 | J68: 30256 | K68: 82k | L68: 96094
A69: E00068 | B69: F | D69: Human Resources | E69: CMO | F69: Hourly Rate | G69: Internal Referral | H69: 42094 | J69: 24548 | L69: 119k
A70: E00069 | B70: Male | C70: Austin | D70: Customer Service | E70: COO | G70: career fairs | H70: 40698 | J70: 25453 | K70: 114451 | L70: $86503
A71: E00070 | C71: New York | D71: IT | E71: Developer | F71: part time | G71: Career Fairs | H71: 40725 | I71: 42291 | J71: 30644 | K71: 65k
A72: E00071 | B72: F | C72: New york | D72: Human Resources | E72: Developer | F72: part time | G72: Online Portal | H72: 40668 | J72: 37211 | K72: $73503 | L72: 48k
A73: E00072 | B73: M | C73: Miami | D73: Administrative | E73: CMO | F73: Full-Time | G73: career fairs | H73: 39987 | J73: 37680 | L73: $89640
A74: E00073 | C74: austin | D74: Research | E74: Copywriter | F74: Hourly Rate | G74: Organic | H74: 43027 | I74: 44888 | J74: 28590 | K74: 96094 | L74: 104415
A75: E00074 | B75: FEMALE | C75: New York | D75: marketing | E75: Marketing Manager | H75: 43264 | I75: 43861 | K75: 119k
A76: E00075 | C76: New York | D76: Operations | E76: Accountant | F76: Hourly Rate | G76: Organic | H76: 42783 | J76: 31219 | K76: $86503
A77: E00076 | C77: Austin | D77: Research | E77: Sales Executive | G77: Online Portal | H77: 40610 | J77: 34073 | L77: 73842
A78: E00077 | D78: Accounting and Finance | F78: full time | G78: Career Fairs | H78: 41136 | I78: 42851 | J78: 30754 | K78: 48k | L78: 32604
A79: E00078 | B79: F | C79: Austin | D79: Marketing | E79: Marketing Manager | G79: Recruiting Agency | H79: 42252 | J79: 22837 | K79: $89640
A80: E00079 | B80: F | E80: CFO | F80: full time | G80: Organic | H80: 42721 | J80: 34232 | K80: 104415 | L80: 55764
A81: E00080 | B81: male | C81: San Diego | D81: Production | E81: developer | F81: Part-Time | G81: job boards | H81: 43940 | I81: 45865 | J81: 29583 | L81: 47263
A82: E00081 | B82: F | C82: Miami | D82: Sales | E82: Accountant | F82: part time | G82: Recruiting Agency | H82: 40561 | I82: 40466 | J82: 26891
A83: E00082 | B83: Male | C83: Seattle | D83: IT | E83: developer | F83: full time | G83: job boards | H83: 41015 | J83: 30447 | K83: 73842 | L83: 93k
A84: E00083 | D84: Administrative | F84: Part-Time | G84: Career Fairs | H84: 43716 | J84: 24002 | K84: 32604 | L84: 78396
A85: E00084 | B85: F | E85: Engineer | F85: Full-Time | G85: job boards | H85: 43149 | I85: 44267 | J85: 27602 | L85: 87120
A86: E00085 | B86: M | C86: New york | D86: Production | E86: Marketing Manager | F86: part time | G86: Internal Referral | H86: 40206 | J86: 37519 | K86: 55764 | L86: 51049
A87: E00086 | D87: Research | E87: Analyst | F87: Hourly Rate | G87: job boards | H87: 41921 | J87: 23665 | K87: 47263 | L87: 99628
A88: E00087 | C88: San Diego | D88: Logistics | E88: CMO | G88: Recruiting Agency | H88: 42121 | I88: 42932 | J88: 27740 | L88: 103907
A89: E00088 | B89: M | C89: Seattle | D89: Production | E89: Accountant | G89: job boards | H89: 40253 | I89: 41109 | J89: 36427 | K89: 93k | L89: 101k
A90: E00089 | B90: male | C90: austin | D90: Research | F90: part time | G90: Job Boards | H90: 40569 | J90: 22819 | K90: 78396 | L90: 43768
A91: E00090 | B91: male | C91: New York | D91: Research | E91: HR Manager | F91: part time | G91: Online Portal | H91: 41339 | J91: 22763 | K91: 87120
A92: E00091 | B92: M | C92: New york | D92: Administrative | E92: Sales Executive | H92: 42952 | I92: 43792 | J92: 27017 | K92: 51049
A93: E00092 | D93: IT | F93: full time | H93: 40302 | I93: 41520 | J93: 32844 | K93: 99628
A94: E00093 | B94: FEMALE | C94: Miami | D94: IT | E94: Engineer | F94: part time | H94: 44110 | I94: 46060 | J94: 35450 | K94: 103907
A95: E00094 | B95: Female | C95: San Diego | D95: Operations | E95: COO | F95: full time | G95: career fairs | H95: 44065 | J95: 23387 | K95: 101k
A96: E00095 | B96: F | D96: Logistics | E96: CMO | F96: full time | H96: 40974 | I96: 41796 | J96: 34785 | K96: 43768 | L96: 113k
A97: E00096 | C97: San Diego | D97: Operations | E97: CFO | F97: full time | G97: Internal Referral | H97: 40955 | I97: 41045 | J97: 24500
A98: E00097 | B98: Male | D98: marketing | E98: Designer | F98: Hourly Rate | G98: career fairs | H98: 42248 | J98: 36606 | L98: 38k
A99: E00098 | B99: male | C99: Denver | E99: HR Manager | F99: full time | G99: Online Portal | H99: 43150 | J99: 31286 | L99: $107296
A100: E00099 | B100: F | C100: Miami | D100: Production | E100: Marketing Manager | F100: full time | H100: 41301 | J100: 25835
...

Sheet Helper_Sheet
A1: Employee_Id | B1: Value | C1: Gender | D1: Location | E1: Department | F1: Role | G1: Contract Type | H1: Hire Source | I1: HireDate | J1: Analysis | K1: Employee Status | L1: Employee_Age | M1: Salary
A2: =IF(Raw_Data!$A2="","E"&TEXT(ROW()-1,"00000"),Raw_Data!$A2) -> E00001 | B2: E00001 | C2: =IF(OR(PROPER(TRIM(Raw_Data!$B2))="M",PROPER(TRIM(Raw_Data!$B2))="MALE"),"Male", IF(OR(PROPER(TRIM(Raw_Data!$B2))="F",PROPER(TRIM(Raw_Data!$B2))="FEMALE"),"Female","Unknown")) -> Unknown | D2: =IF(TRIM(CLEAN(Raw_Data!$C2))="", "Unknown", PROPER(TRIM(Raw_Data!$C2))) -> New York | E2: =IF(TRIM(Raw_Data!$D2)="IT","IT",PROPER(TRIM(CLEAN(Raw_Data!$D2)))) -> IT | F2: =IF(OR(UPPER(TRIM(Raw_Data!E2))="COO", UPPER(TRIM(Raw_Data!E2))="HR", UPPER(TRIM(Raw_Data!E2))="CEO", UPPER(TRIM(Raw_Data!E2))="CFO", UPPER(TRIM(Raw_Data!E2))="CMO"), UPPER(TRIM(Raw_Data!E2)), PROPER(TRIM(CLEAN(Raw_Data!E2)))) -> Sales Executive | G2: =SUBSTITUTE(PROPER(TRIM(CLEAN(Raw_Data!$F2)))," ","-") -> Full-Time | H2: =PROPER(TRIM(CLEAN(Raw_Data!$G2))) -> Career Fairs | I2: =TRIM(CLEAN(Raw_Data!H2)) -> 40644 | J2: =COUNTIF(I2:I4501,"N/A") -> 238 | K2: =IF(Clean_Data!$I2="","Active","Exited") -> Active | L2: =IF(Clean_Data!$K2="","",DATEDIF(Clean_Data!$K2,TODAY(),"Y")) -> 20 | M2: =IF(Raw_Data!$L2="","",VALUE(SUBSTITUTE(SUBSTITUTE(TRIM(Raw_Data!$L2),"$",""),"k","000"))) -> 116056
A3: =IF(Raw_Data!$A3="","E"&TEXT(ROW()-1,"00000"),Raw_Data!$A3) -> E00002 | B3: E00002 | C3: =IF(OR(PROPER(TRIM(Raw_Data!$B3))="M",PROPER(TRIM(Raw_Data!$B3))="MALE"),"Male", IF(OR(PROPER(TRIM(Raw_Data!$B3))="F",PROPER(TRIM(Raw_Data!$B3))="FEMALE"),"Female","Unknown")) -> Male | D3: =IF(TRIM(CLEAN(Raw_Data!$C3))="", "Unknown", PROPER(TRIM(Raw_Data!$C3))) -> Austin | E3: =IF(TRIM(Raw_Data!$D3)="IT","IT",PROPER(TRIM(CLEAN(Raw_Data!$D3)))) -> Research | F3: =IF(OR(UPPER(TRIM(Raw_Data!E3))="COO", UPPER(TRIM(Raw_Data!E3))="HR", UPPER(TRIM(Raw_Data!E3))="CEO", UPPER(TRIM(Raw_Data!E3))="CFO", UPPER(TRIM(Raw_Data!E3))="CMO"), UPPER(TRIM(Raw_Data!E3)), PROPER(TRIM(CLEAN(Raw_Data!E3)))) -> Sales Executive | G3: =SUBSTITUTE(PROPER(TRIM(CLEAN(Raw_Data!$F3)))," ","-") -> Full-Time | H3: =PROPER(TRIM(CLEAN(Raw_Data!$G3))) | I3: =TRIM(CLEAN(Raw_Data!H3)) -> 40461 | J3: =(238/4501)*100 -> 5.2877138 | K3: =IF(Clean_Data!$I3="","Active","Exited") -> Active | L3: =IF(Clean_Data!$K3="","",DATEDIF(Clean_Data!$K3,TODAY(),"Y")) -> 50 | M3: =IF(Raw_Data!$L3="","",VALUE(SUBSTITUTE(SUBSTITUTE(TRIM(Raw_Data!$L3),"$",""),"k","000"))) -> 55000
A4: =IF(Raw_Data!$A4="","E"&TEXT(ROW()-1,"00000"),Raw_Data!$A4) -> E00003 | B4: E00003 | C4: =IF(OR(PROPER(TRIM(Raw_Data!$B4))="M",PROPER(TRIM(Raw_Data!$B4))="MALE"),"Male", IF(OR(PROPER(TRIM(Raw_Data!$B4))="F",PROPER(TRIM(Raw_Data!$B4))="FEMALE"),"Female","Unknown")) -> Female | D4: =IF(TRIM(CLEAN(Raw_Data!$C4))="", "Unknown", PROPER(TRIM(Raw_Data!$C4))) -> Seattle | E4: =IF(TRIM(Raw_Data!$D4)="IT","IT",PROPER(TRIM(CLEAN(Raw_Data!$D4)))) -> Operations | F4: =IF(OR(UPPER(TRIM(Raw_Data!E4))="COO", UPPER(TRIM(Raw_Data!E4))="HR", UPPER(TRIM(Raw_Data!E4))="CEO", UPPER(TRIM(Raw_Data!E4))="CFO", UPPER(TRIM(Raw_Data!E4))="CMO"), UPPER(TRIM(Raw_Data!E4)), PROPER(TRIM(CLEAN(Raw_Data!E4)))) -> COO | G4: =SUBSTITUTE(PROPER(TRIM(CLEAN(Raw_Data!$F4)))," ","-") -> Part-Time | H4: =PROPER(TRIM(CLEAN(Raw_Data!$G4))) -> Recruiting Agency | I4: =TRIM(CLEAN(Raw_Data!H4)) -> 42794 | K4: =IF(Clean_Data!$I4="","Active","Exited") -> Active | L4: =IF(Clean_Data!$K4="","",DATEDIF(Clean_Data!$K4,TODAY(),"Y")) -> 58 | M4: =IF(Raw_Data!$L4="","",VALUE(SUBSTITUTE(SUBSTITUTE(TRIM(Raw_Data!$L4),"$",""),"k","000")))
A5: =IF(Raw_Data!$A5="","E"&TEXT(ROW()-1,"00000"),Raw_Data!$A5) -> E00004 | B5: E00004 | C5: =IF(OR(PROPER(TRIM(Raw_Data!$B5))="M",PROPER(TRIM(Raw_Data!$B5))="MALE"),"Male", IF(OR(PROPER(TRIM(Raw_Data!$B5))="F",PROPER(TRIM(Raw_Data!$B5))="FEMALE"),"Female","Unknown")) -> Unknown | D5: =IF(TRIM(CLEAN(Raw_Data!$C5))="", "Unknown", PROPER(TRIM(Raw_Data!$C5))) -> Austin | E5: =IF(TRIM(Raw_Data!$D5)="IT","IT",PROPER(TRIM(CLEAN(Raw_Data!$D5)))) -> IT | F5: =IF(OR(UPPER(TRIM(Raw_Data!E5))="COO", UPPER(TRIM(Raw_Data!E5))="HR", UPPER(TRIM(Raw_Data!E5))="CEO", UPPER(TRIM(Raw_Data!E5))="CFO", UPPER(TRIM(Raw_Data!E5))="CMO"), UPPER(TRIM(Raw_Data!E5)), PROPER(TRIM(CLEAN(Raw_Data!E5)))) -> Developer | G5: =SUBSTITUTE(PROPER(TRIM(CLEAN(Raw_Data!$F5)))," ","-") -> Full-Time | H5: =PROPER(TRIM(CLEAN(Raw_Data!$G5))) | I5: =TRIM(CLEAN(Raw_Data!H5)) -> 40096 | K5: =IF(Clean_Data!$I5="","Active","Exited") -> Active | L5: =IF(Clean_Data!$K5="","",DATEDIF(Clean_Data!$K5,TODAY(),"Y")) -> 59 | M5: =IF(Raw_Data!$L5="","",VALUE(SUBSTITUTE(SUBSTITUTE(TRIM(Raw_Data!$L5),"$",""),"k","000"))) -> 43000
A6: =IF(Raw_Data!$A6="","E"&TEXT(ROW()-1,"00000"),Raw_Data!$A6) -> E00005 | B6: E00005 | C6: =IF(OR(PROPER(TRIM(Raw_Data!$B6))="M",PROPER(TRIM(Raw_Data!$B6))="MALE"),"Male", IF(OR(PROPER(TRIM(Raw_Data!$B6))="F",PROPER(TRIM(Raw_Data!$B6))="FEMALE"),"Female","Unknown")) -> Male | D6: =IF(TRIM(CLEAN(Raw_Data!$C6))="", "Unknown", PROPER(TRIM(Raw_Data!$C6))) -> Denver | E6: =IF(TRIM(Raw_Data!$D6)="IT","IT",PROPER(TRIM(CLEAN(Raw_Data!$D6)))) -> IT | F6: =IF(OR(UPPER(TRIM(Raw_Data!E6))="COO", UPPER(TRIM(Raw_Data!E6))="HR", UPPER(TRIM(Raw_Data!E6))="CEO", UPPER(TRIM(Raw_Data!E6))="CFO", UPPER(TRIM(Raw_Data!E6))="CMO"), UPPER(TRIM(Raw_Data!E6)), PROPER(TRIM(CLEAN(Raw_Data!E6)))) -> Marketing Manager | G6: =SUBSTITUTE(PROPER(TRIM(CLEAN(Raw_Data!$F6)))," ","-") -> Full-Time | H6: =PROPER(TRIM(CLEAN(Raw_Data!$G6))) -> Career Fairs | I6: =TRIM(CLEAN(Raw_Data!H6)) -> 39983 | K6: =IF(Clean_Data!$I6="","Active","Exited") -> Active | L6: =IF(Clean_Data!$K6="","",DATEDIF(Clean_Data!$K6,TODAY(),"Y")) -> 62 | M6: =IF(Raw_Data!$L6="","",VALUE(SUBSTITUTE(SUBSTITUTE(TRIM(Raw_Data!$L6),"$",""),"k","000")))
A7: =IF(Raw_Data!$A7="","E"&TEXT(ROW()-1,"00000"),Raw_Data!$A7) -> E00006 | B7: E00006 | C7: =IF(OR(PROPER(TRIM(Raw_Data!$B7))="M",PROPER(TRIM(Raw_Data!$B7))="MALE"),"Male", IF(OR(PROPER(TRIM(Raw_Data!$B7))="F",PROPER(TRIM(Raw_Data!$B7))="FEMALE"),"Female","Unknown")) -> Unknown | D7: =IF(TRIM(CLEAN(Raw_Data!$C7))="", "Unknown", PROPER(TRIM(Raw_Data!$C7))) -> Unknown | E7: =IF(TRIM(Raw_Data!$D7)="IT","IT",PROPER(TRIM(CLEAN(Raw_Data!$D7)))) -> Administrative | F7: =IF(OR(UPPER(TRIM(Raw_Data!E7))="COO", UPPER(TRIM(Raw_Data!E7))="HR", UPPER(TRIM(Raw_Data!E7))="CEO", UPPER(TRIM(Raw_Data!E7))="CFO", UPPER(TRIM(Raw_Data!E7))="CMO"), UPPER(TRIM(Raw_Data!E7)), PROPER(TRIM(CLEAN(Raw_Data!E7)))) -> Developer | G7: =SUBSTITUTE(PROPER(TRIM(CLEAN(Raw_Data!$F7)))," ","-") -> Full-Time | H7: =PROPER(TRIM(CLEAN(Raw_Data!$G7))) -> Job Boards | I7: =TRIM(CLEAN(Raw_Data!H7)) -> 43104 | K7: =IF(Clean_Data!$I7="","Active","Exited") -> Active | L7: =IF(Clean_Data!$K7="","",DATEDIF(Clean_Data!$K7,TODAY(),"Y")) -> 50 | M7: =IF(Raw_Data!$L7="","",VALUE(SUBSTITUTE(SUBSTITUTE(TRIM(Raw_Data!$L7),"$",""),"k","000"))) -> 112467
A8: =IF(Raw_Data!$A8="","E"&TEXT(ROW()-1,"00000"),Raw_Data!$A8) -> E00007 | B8: E00007 | C8: =IF(OR(PROPER(TRIM(Raw_Data!$B8))="M",PROPER(TRIM(Raw_Data!$B8))="MALE"),"Male", IF(OR(PROPER(TRIM(Raw_Data!$B8))="F",PROPER(TRIM(Raw_Data!$B8))="FEMALE"),"Female","Unknown")) -> Unknown | D8: =IF(TRIM(CLEAN(Raw_Data!$C8))="", "Unknown", PROPER(TRIM(Raw_Data!$C8))) -> Austin | E8: =IF(TRIM(Raw_Data!$D8)="IT","IT",PROPER(TRIM(CLEAN(Raw_Data!$D8)))) -> IT | F8: =IF(OR(UPPER(TRIM(Raw_Data!E8))="COO", UPPER(TRIM(Raw_Data!E8))="HR", UPPER(TRIM(Raw_Data!E8))="CEO", UPPER(TRIM(Raw_Data!E8))="CFO", UPPER(TRIM(Raw_Data!E8))="CMO"), UPPER(TRIM(Raw_Data!E8)), PROPER(TRIM(CLEAN(Raw_Data!E8)))) -> Copywriter | G8: =SUBSTITUTE(PROPER(TRIM(CLEAN(Raw_Data!$F8)))," ","-") -> Part-Time | H8: =PROPER(TRIM(CLEAN(Raw_Data!$G8))) -> Job Boards | I8: =TRIM(CLEAN(Raw_Data!H8)) -> 41319 | K8: =IF(Clean_Data!$I8="","Active","Exited") -> Exited | L8: =IF(Clean_Data!$K8="","",DATEDIF(Clean_Data!$K8,TODAY(),"Y")) | M8: =IF(Raw_Data!$L8="","",VALUE(SUBSTITUTE(SUBSTITUTE(TRIM(Raw_Data!$L8),"$",""),"k","000")))
A9: =IF(Raw_Data!$A9="","E"&TEXT(ROW()-1,"00000"),Raw_Data!$A9) -> E00008 | B9: E00008 | C9: =IF(OR(PROPER(TRIM(Raw_Data!$B9))="M",PROPER(TRIM(Raw_Data!$B9))="MALE"),"Male", IF(OR(PROPER(TRIM(Raw_Data!$B9))="F",PROPER(TRIM(Raw_Data!$B9))="FEMALE"),"Female","Unknown")) -> Female | D9: =IF(TRIM(CLEAN(Raw_Data!$C9))="", "Unknown", PROPER(TRIM(Raw_Data!$C9))) -> New York | E9: =IF(TRIM(Raw_Data!$D9)="IT","IT",PROPER(TRIM(CLEAN(Raw_Data!$D9)))) -> Legal | F9: =IF(OR(UPPER(TRIM(Raw_Data!E9))="COO", UPPER(TRIM(Raw_Data!E9))="HR", UPPER(TRIM(Raw_Data!E9))="CEO", UPPER(TRIM(Raw_Data!E9))="CFO", UPPER(TRIM(Raw_Data!E9))="CMO"), UPPER(TRIM(Raw_Data!E9)), PROPER(TRIM(CLEAN(Raw_Data!E9)))) -> Developer | G9: =SUBSTITUTE(PROPER(TRIM(CLEAN(Raw_Data!$F9)))," ","-") | H9: =PROPER(TRIM(CLEAN(Raw_Data!$G9))) -> Job Boards | I9: =TRIM(CLEAN(Raw_Data!H9)) -> 43023 | K9: =IF(Clean_Data!$I9="","Active","Exited") -> Exited | L9: =IF(Clean_Data!$K9="","",DATEDIF(Clean_Data!$K9,TODAY(),"Y")) -> 31 | M9: =IF(Raw_Data!$L9="","",VALUE(SUBSTITUTE(SUBSTITUTE(TRIM(Raw_Data!$L9),"$",""),"k","000"))) -> 111222
A10: =IF(Raw_Data!$A10="","E"&TEXT(ROW()-1,"00000"),Raw_Data!$A10) -> E00009 | B10: E00009 | C10: =IF(OR(PROPER(TRIM(Raw_Data!$B10))="M",PROPER(TRIM(Raw_Data!$B10))="MALE"),"Male", IF(OR(PROPER(TRIM(Raw_Data!$B10))="F",PROPER(TRIM(Raw_Data!$B10))="FEMALE"),"Female","Unknown")) -> Unknown | D10: =IF(TRIM(CLEAN(Raw_Data!$C10))="", "Unknown", PROPER(TRIM(Raw_Data!$C10))) -> Unknown | E10: =IF(TRIM(Raw_Data!$D10)="IT","IT",PROPER(TRIM(CLEAN(Raw_Data!$D10)))) -> Customer Service | F10: =IF(OR(UPPER(TRIM(Raw_Data!E10))="COO", UPPER(TRIM(Raw_Data!E10))="HR", UPPER(TRIM(Raw_Data!E10))="CEO", UPPER(TRIM(Raw_Data!E10))="CFO", UPPER(TRIM(Raw_Data!E10))="CMO"), UPPER(TRIM(Raw_Data!E10)), PROPER(TRIM(CLEAN(Raw_Data!E10)))) -> Analyst | G10: =SUBSTITUTE(PROPER(TRIM(CLEAN(Raw_Data!$F10)))," ","-") -> Part-Time | H10: =PROPER(TRIM(CLEAN(Raw_Data!$G10))) -> Job Boards | I10: =TRIM(CLEAN(Raw_Data!H10)) -> 43223 | K10: =IF(Clean_Data!$I10="","Active","Exited") -> Active | L10: =IF(Clean_Data!$K10="","",DATEDIF(Clean_Data!$K10,TODAY(),"Y")) -> 47 | M10: =IF(Raw_Data!$L10="","",VALUE(SUBSTITUTE(SUBSTITUTE(TRIM(Raw_Data!$L10),"$",""),"k","000"))) -> 108356
A11: =IF(Raw_Data!$A11="","E"&TEXT(ROW()-1,"00000"),Raw_Data!$A11) -> E00010 | B11: E00010 | C11: =IF(OR(PROPER(TRIM(Raw_Data!$B11))="M",PROPER(TRIM(Raw_Data!$B11))="MALE"),"Male", IF(OR(PROPER(TRIM(Raw_Data!$B11))="F",PROPER(TRIM(Raw_Data!$B11))="FEMALE"),"Female","Unknown")) -> Male | D11: =IF(TRIM(CLEAN(Raw_Data!$C11))="", "Unknown", PROPER(TRIM(Raw_Data!$C11))) -> New York | E11: =IF(TRIM(Raw_Data!$D11)="IT","IT",PROPER(TRIM(CLEAN(Raw_Data!$D11)))) -> Marketing | F11: =IF(OR(UPPER(TRIM(Raw_Data!E11))="COO", UPPER(TRIM(Raw_Data!E11))="HR", UPPER(TRIM(Raw_Data!E11))="CEO", UPPER(TRIM(Raw_Data!E11))="CFO", UPPER(TRIM(Raw_Data!E11))="CMO"), UPPER(TRIM(Raw_Data!E11)), PROPER(TRIM(CLEAN(Raw_Data!E11)))) -> Developer | G11: =SUBSTITUTE(PROPER(TRIM(CLEAN(Raw_Data!$F11)))," ","-") -> Hourly-Rate | H11: =PROPER(TRIM(CLEAN(Raw_Data!$G11))) -> Job Boards | I11: =TRIM(CLEAN(Raw_Data!H11)) -> 40250 | K11: =IF(Clean_Data!$I11="","Active","Exited") -> Exited | L11: =IF(Clean_Data!$K11="","",DATEDIF(Clean_Data!$K11,TODAY(),"Y")) -> 34 | M11: =IF(Raw_Data!$L11="","",VALUE(SUBSTITUTE(SUBSTITUTE(TRIM(Raw_Data!$L11),"$",""),"k","000"))) -> 40000
A12: =IF(Raw_Data!$A12="","E"&TEXT(ROW()-1,"00000"),Raw_Data!$A12) -> E00011 | B12: E00011 | C12: =IF(OR(PROPER(TRIM(Raw_Data!$B12))="M",PROPER(TRIM(Raw_Data!$B12))="MALE"),"Male", IF(OR(PROPER(TRIM(Raw_Data!$B12))="F",PROPER(TRIM(Raw_Data!$B12))="FEMALE"),"Female","Unknown")) -> Unknown | D12: =IF(TRIM(CLEAN(Raw_Data!$C12))="", "Unknown", PROPER(TRIM(Raw_Data!$C12))) -> Austin | E12: =IF(TRIM(Raw_Data!$D12)="IT","IT",PROPER(TRIM(CLEAN(Raw_Data!$D12)))) | F12: =IF(OR(UPPER(TRIM(Raw_Data!E12))="COO", UPPER(TRIM(Raw_Data!E12))="HR", UPPER(TRIM(Raw_Data!E12))="CEO", UPPER(TRIM(Raw_Data!E12))="CFO", UPPER(TRIM(Raw_Data!E12))="CMO"), UPPER(TRIM(Raw_Data!E12)), PROPER(TRIM(CLEAN(Raw_Data!E12)))) -> Engineer | G12: =SUBSTITUTE(PROPER(TRIM(CLEAN(Raw_Data!$F12)))," ","-") | H12: =PROPER(TRIM(CLEAN(Raw_Data!$G12))) -> Online Portal | I12: =TRIM(CLEAN(Raw_Data!H12)) -> 42580 | K12: =IF(Clean_Data!$I12="","Active","Exited") -> Exited | L12: =IF(Clean_Data!$K12="","",DATEDIF(Clean_Data!$K12,TODAY(),"Y")) | M12: =IF(Raw_Data!$L12="","",VALUE(SUBSTITUTE(SUBSTITUTE(TRIM(Raw_Data!$L12),"$",""),"k","000"))) -> 107109
A13: =IF(Raw_Data!$A13="","E"&TEXT(ROW()-1,"00000"),Raw_Data!$A13) -> E00012 | B13: E00012 | C13: =IF(OR(PROPER(TRIM(Raw_Data!$B13))="M",PROPER(TRIM(Raw_Data!$B13))="MALE"),"Male", IF(OR(PROPER(TRIM(Raw_Data!$B13))="F",PROPER(TRIM(Raw_Data!$B13))="FEMALE"),"Female","Unknown")) -> Female | D13: =IF(TRIM(CLEAN(Raw_Data!$C13))="", "Unknown", PROPER(TRIM(Raw_Data!$C13))) -> Unknown | E13: =IF(TRIM(Raw_Data!$D13)="IT","IT",PROPER(TRIM(CLEAN(Raw_Data!$D13)))) -> Sales | F13: =IF(OR(UPPER(TRIM(Raw_Data!E13))="COO", UPPER(TRIM(Raw_Data!E13))="HR", UPPER(TRIM(Raw_Data!E13))="CEO", UPPER(TRIM(Raw_Data!E13))="CFO", UPPER(TRIM(Raw_Data!E13))="CMO"), UPPER(TRIM(Raw_Data!E13)), PROPER(TRIM(CLEAN(Raw_Data!E13)))) -> Marketing Manager | G13: =SUBSTITUTE(PROPER(TRIM(CLEAN(Raw_Data!$F13)))," ","-") | H13: =PROPER(TRIM(CLEAN(Raw_Data!$G13))) -> Internal Referral | I13: =TRIM(CLEAN(Raw_Data!H13)) -> 42290 | K13: =IF(Clean_Data!$I13="","Active","Exited") -> Active | L13: =IF(Clean_Data!$K13="","",DATEDIF(Clean_Data!$K13,TODAY(),"Y")) | M13: =IF(Raw_Data!$L13="","",VALUE(SUBSTITUTE(SUBSTITUTE(TRIM(Raw_Data!$L13),"$",""),"k","000"))) -> 35000
A14: =IF(Raw_Data!$A14="","E"&TEXT(ROW()-1,"00000"),Raw_Data!$A14) -> E00013 | B14: E00013 | C14: =IF(OR(PROPER(TRIM(Raw_Data!$B14))="M",PROPER(TRIM(Raw_Data!$B14))="MALE"),"Male", IF(OR(PROPER(TRIM(Raw_Data!$B14))="F",PROPER(TRIM(Raw_Data!$B14))="FEMALE"),"Female","Unknown")) -> Female | D14: =IF(TRIM(CLEAN(Raw_Data!$C14))="", "Unknown", PROPER(TRIM(Raw_Data!$C14))) -> Unknown | E14: =IF(TRIM(Raw_Data!$D14)="IT","IT",PROPER(TRIM(CLEAN(Raw_Data!$D14)))) -> Administrative | F14: =IF(OR(UPPER(TRIM(Raw_Data!E14))="COO", UPPER(TRIM(Raw_Data!E14))="HR", UPPER(TRIM(Raw_Data!E14))="CEO", UPPER(TRIM(Raw_Data!E14))="CFO", UPPER(TRIM(Raw_Data!E14))="CMO"), UPPER(TRIM(Raw_Data!E14)), PROPER(TRIM(CLEAN(Raw_Data!E14)))) -> Marketing Manager | G14: =SUBSTITUTE(PROPER(TRIM(CLEAN(Raw_Data!$F14)))," ","-") -> Full-Time | H14: =PROPER(TRIM(CLEAN(Raw_Data!$G14))) | I14: =TRIM(CLEAN(Raw_Data!H14)) -> 42813 | K14: =IF(Clean_Data!$I14="","Active","Exited") -> Active | L14: =IF(Clean_Data!$K14="","",DATEDIF(Clean_Data!$K14,TODAY(),"Y")) -> 65 | M14: =IF(Raw_Data!$L14="","",VALUE(SUBSTITUTE(SUBSTITUTE(TRIM(Raw_Data!$L14),"$",""),"k","000"))) -> 79318
A15: =IF(Raw_Data!$A15="","E"&TEXT(ROW()-1,"00000"),Raw_Data!$A15) -> E00014 | B15: E00014 | C15: =IF(OR(PROPER(TRIM(Raw_Data!$B15))="M",PROPER(TRIM(Raw_Data!$B15))="MALE"),"Male", IF(OR(PROPER(TRIM(Raw_Data!$B15))="F",PROPER(TRIM(Raw_Data!$B15))="FEMALE"),"Female","Unknown")) -> Male | D15: =IF(TRIM(CLEAN(Raw_Data!$C15))="", "Unknown", PROPER(TRIM(Raw_Data!$C15))) -> New York | E15: =IF(TRIM(Raw_Data!$D15)="IT","IT",PROPER(TRIM(CLEAN(Raw_Data!$D15)))) -> Marketing | F15: =IF(OR(UPPER(TRIM(Raw_Data!E15))="COO", UPPER(TRIM(Raw_Data!E15))="HR", UPPER(TRIM(Raw_Data!E15))="CEO", UPPER(TRIM(Raw_Data!E15))="CFO", UPPER(TRIM(Raw_Data!E15))="CMO"), UPPER(TRIM(Raw_Data!E15)), PROPER(TRIM(CLEAN(Raw_Data!E15)))) -> COO | G15: =SUBSTITUTE(PROPER(TRIM(CLEAN(Raw_Data!$F15)))," ","-") | H15: =PROPER(TRIM(CLEAN(Raw_Data!$G15))) -> Organic | I15: =TRIM(CLEAN(Raw_Data!H15)) -> N/A | K15: =IF(Clean_Data!$I15="","Active","Exited") -> Active | L15: =IF(Clean_Data!$K15="","",DATEDIF(Clean_Data!$K15,TODAY(),"Y")) -> 54 | M15: =IF(Raw_Data!$L15="","",VALUE(SUBSTITUTE(SUBSTITUTE(TRIM(Raw_Data!$L15),"$",""),"k","000"))) -> 75703
... A18: =IF(Raw_Data!$A18="","E"&TEXT(ROW()-1,"00000"),Raw_Data!$A18) -> E00017 | B18: E00017 | C18: =IF(OR(PROPER(TRIM(Raw_Data!$B18))="M",PROPER(TRIM(Raw_Data!$B18))="MALE"),"Male", IF(OR(PROPER(TRIM(Raw_Data!$B18))="F",PROPER(TRIM(Raw_Data!$B18))="FEMALE"),"Female","Unknown")) -> Unknown | D18: =IF(TRIM(CLEAN(Raw_Data!$C18))="", "Unknown", PROPER(TRIM(Raw_Data!$C18))) -> Miami | E18: =IF(TRIM(Raw_Data!$D18)="IT","IT",PROPER(TRIM(CLEAN(Raw_Data!$D18)))) -> Marketing | F18: =IF(OR(UPPER(TRIM(Raw_Data!E18))="COO", UPPER(TRIM(Raw_Data!E18))="HR", UPPER(TRIM(Raw_Data!E18))="CEO", UPPER(TRIM(Raw_Data!E18))="CFO", UPPER(TRIM(Raw_Data!E18))="CMO"), UPPER(TRIM(Raw_Data!E18)), PROPER(TRIM(CLEAN(Raw_Data!E18)))) -> Developer | G18: =SUBSTITUTE(PROPER(TRIM(CLEAN(Raw_Data!$F18)))," ","-") -> Full-Time | H18: =PROPER(TRIM(CLEAN(Raw_Data!$G18))) -> Organic | I18: =TRIM(CLEAN(Raw_Data!H18)) -> 40093 | K18: =IF(Clean_Data!$I18="","Active","Exited") -> Active | L18: =IF(Clean_Data!$K18="","",DATEDIF(Clean_Data!$K18,TODAY(),"Y")) -> 31 | M18: =IF(Raw_Data!$L18="","",VALUE(SUBSTITUTE(SUBSTITUTE(TRIM(Raw_Data!$L18),"$",""),"k","000"))) -> 80005
A19: =IF(Raw_Data!$A19="","E"&TEXT(ROW()-1,"00000"),Raw_Data!$A19) -> E00018 | B19: E00018 | C19: =IF(OR(PROPER(TRIM(Raw_Data!$B19))="M",PROPER(TRIM(Raw_Data!$B19))="MALE"),"Male", IF(OR(PROPER(TRIM(Raw_Data!$B19))="F",PROPER(TRIM(Raw_Data!$B19))="FEMALE"),"Female","Unknown")) -> Male | D19: =IF(TRIM(CLEAN(Raw_Data!$C19))="", "Unknown", PROPER(TRIM(Raw_Data!$C19))) -> New York | E19: =IF(TRIM(Raw_Data!$D19)="IT","IT",PROPER(TRIM(CLEAN(Raw_Data!$D19)))) | F19: =UPPER(LEFT(Raw_Data!E19,2))&MID(PROPER(Raw_Data!E19),3,LEN(Raw_Data!E19)) -> HR Manager | G19: =SUBSTITUTE(PROPER(TRIM(CLEAN(Raw_Data!$F19)))," ","-") -> Full-Time | H19: =PROPER(TRIM(CLEAN(Raw_Data!$G19))) | I19: =TRIM(CLEAN(Raw_Data!H19)) -> 39865 | K19: =IF(Clean_Data!$I19="","Active","Exited") -> Exited | L19: =IF(Clean_Data!$K19="","",DATEDIF(Clean_Data!$K19,TODAY(),"Y")) -> 21 | M19: =IF(Raw_Data!$L19="","",VALUE(SUBSTITUTE(SUBSTITUTE(TRIM(Raw_Data!$L19),"$",""),"k","000")))
A20: =IF(Raw_Data!$A20="","E"&TEXT(ROW()-1,"00000"),Raw_Data!$A20) -> E00019 | B20: E00019 | C20: =IF(OR(PROPER(TRIM(Raw_Data!$B20))="M",PROPER(TRIM(Raw_Data!$B20))="MALE"),"Male", IF(OR(PROPER(TRIM(Raw_Data!$B20))="F",PROPER(TRIM(Raw_Data!$B20))="FEMALE"),"Female","Unknown")) -> Female | D20: =IF(TRIM(CLEAN(Raw_Data!$C20))="", "Unknown", PROPER(TRIM(Raw_Data!$C20))) -> Unknown | E20: =IF(TRIM(Raw_Data!$D20)="IT","IT",PROPER(TRIM(CLEAN(Raw_Data!$D20)))) -> Marketing | F20: =IF(OR(UPPER(TRIM(Raw_Data!E20))="COO", UPPER(TRIM(Raw_Data!E20))="HR", UPPER(TRIM(Raw_Data!E20))="CEO", UPPER(TRIM(Raw_Data!E20))="CFO", UPPER(TRIM(Raw_Data!E20))="CMO"), UPPER(TRIM(Raw_Data!E20)), PROPER(TRIM(CLEAN(Raw_Data!E20)))) -> CFO | G20: =SUBSTITUTE(PROPER(TRIM(CLEAN(Raw_Data!$F20)))," ","-") -> Full-Time | H20: =PROPER(TRIM(CLEAN(Raw_Data!$G20))) -> Job Boards | I20: =TRIM(CLEAN(Raw_Data!H20)) -> 42319 | K20: =IF(Clean_Data!$I20="","Active","Exited") -> Active | L20: =IF(Clean_Data!$K20="","",DATEDIF(Clean_Data!$K20,TODAY(),"Y")) -> 60 | M20: =IF(Raw_Data!$L20="","",VALUE(SUBSTITUTE(SUBSTITUTE(TRIM(Raw_Data!$L20),"$",""),"k","000"))) -> 49491
A21: =IF(Raw_Data!$A21="","E"&TEXT(ROW()-1,"00000"),Raw_Data!$A21) -> E00020 | B21: E00020 | C21: =IF(OR(PROPER(TRIM(Raw_Data!$B21))="M",PROPER(TRIM(Raw_Data!$B21))="MALE"),"Male", IF(OR(PROPER(TRIM(Raw_Data!$B21))="F",PROPER(TRIM(Raw_Data!$B21))="FEMALE"),"Female","Unknown")) -> Male | D21: =IF(TRIM(CLEAN(Raw_Data!$C21))="", "Unknown", PROPER(TRIM(Raw_Data!$C21))) -> New York | E21: =IF(TRIM(Raw_Data!$D21)="IT","IT",PROPER(TRIM(CLEAN(Raw_Data!$D21)))) -> IT | F21: =IF(OR(UPPER(TRIM(Raw_Data!E21))="COO", UPPER(TRIM(Raw_Data!E21))="HR", UPPER(TRIM(Raw_Data!E21))="CEO", UPPER(TRIM(Raw_Data!E21))="CFO", UPPER(TRIM(Raw_Data!E21))="CMO"), UPPER(TRIM(Raw_Data!E21)), PROPER(TRIM(CLEAN(Raw_Data!E21)))) -> Engineer | G21: =SUBSTITUTE(PROPER(TRIM(CLEAN(Raw_Data!$F21)))," ","-") | H21: =PROPER(TRIM(CLEAN(Raw_Data!$G21))) -> Organic | I21: =TRIM(CLEAN(Raw_Data!H21)) -> 41906 | K21: =IF(Clean_Data!$I21="","Active","Exited") -> Active | L21: =IF(Clean_Data!$K21="","",DATEDIF(Clean_Data!$K21,TODAY(),"Y")) -> 40 | M21: =IF(Raw_Data!$L21="","",VALUE(SUBSTITUTE(SUBSTITUTE(TRIM(Raw_Data!$L21),"$",""),"k","000")))
A22: =IF(Raw_Data!$A22="","E"&TEXT(ROW()-1,"00000"),Raw_Data!$A22) -> E00021 | B22: E00021 | C22: =IF(OR(PROPER(TRIM(Raw_Data!$B22))="M",PROPER(TRIM(Raw_Data!$B22))="MALE"),"Male", IF(OR(PROPER(TRIM(Raw_Data!$B22))="F",PROPER(TRIM(Raw_Data!$B22))="FEMALE"),"Female","Unknown")) -> Male | D22: =IF(TRIM(CLEAN(Raw_Data!$C22))="", "Unknown", PROPER(TRIM(Raw_Data!$C22))) -> Austin | E22: =IF(TRIM(Raw_Data!$D22)="IT","IT",PROPER(TRIM(CLEAN(Raw_Data!$D22)))) -> Legal | F22: =IF(OR(UPPER(TRIM(Raw_Data!E22))="COO", UPPER(TRIM(Raw_Data!E22))="HR", UPPER(TRIM(Raw_Data!E22))="CEO", UPPER(TRIM(Raw_Data!E22))="CFO", UPPER(TRIM(Raw_Data!E22))="CMO"), UPPER(TRIM(Raw_Data!E22)), PROPER(TRIM(CLEAN(Raw_Data!E22)))) -> Accountant | G22: =SUBSTITUTE(PROPER(TRIM(CLEAN(Raw_Data!$F22)))," ","-") -> Full-Time | H22: =PROPER(TRIM(CLEAN(Raw_Data!$G22))) -> Career Fairs | I22: =TRIM(CLEAN(Raw_Data!H22)) -> N/A | K22: =IF(Clean_Data!$I22="","Active","Exited") -> Active | L22: =IF(Clean_Data!$K22="","",DATEDIF(Clean_Data!$K22,TODAY(),"Y")) -> 51 | M22: =IF(Raw_Data!$L22="","",VALUE(SUBSTITUTE(SUBSTITUTE(TRIM(Raw_Data!$L22),"$",""),"k","000"))) -> 90148
A23: =IF(Raw_Data!$A23="","E"&TEXT(ROW()-1,"00000"),Raw_Data!$A23) -> E00022 | B23: E00022 | C23: =IF(OR(PROPER(TRIM(Raw_Data!$B23))="M",PROPER(TRIM(Raw_Data!$B23))="MALE"),"Male", IF(OR(PROPER(TRIM(Raw_Data!$B23))="F",PROPER(TRIM(Raw_Data!$B23))="FEMALE"),"Female","Unknown")) -> Male | D23: =IF(TRIM(CLEAN(Raw_Data!$C23))="", "Unknown", PROPER(TRIM(Raw_Data!$C23))) -> Unknown | E23: =IF(TRIM(Raw_Data!$D23)="IT","IT",PROPER(TRIM(CLEAN(Raw_Data!$D23)))) -> Logistics | F23: =IF(OR(UPPER(TRIM(Raw_Data!E23))="COO", UPPER(TRIM(Raw_Data!E23))="HR", UPPER(TRIM(Raw_Data!E23))="CEO", UPPER(TRIM(Raw_Data!E23))="CFO", UPPER(TRIM(Raw_Data!E23))="CMO"), UPPER(TRIM(Raw_Data!E23)), PROPER(TRIM(CLEAN(Raw_Data!E23)))) -> Developer | G23: =SUBSTITUTE(PROPER(TRIM(CLEAN(Raw_Data!$F23)))," ","-") -> Part-Time | H23: =PROPER(TRIM(CLEAN(Raw_Data!$G23))) | I23: =TRIM(CLEAN(Raw_Data!H23)) -> 41005 | K23: =IF(Clean_Data!$I23="","Active","Exited") -> Exited | L23: =IF(Clean_Data!$K23="","",DATEDIF(Clean_Data!$K23,TODAY(),"Y")) -> 55 | M23: =IF(Raw_Data!$L23="","",VALUE(SUBSTITUTE(SUBSTITUTE(TRIM(Raw_Data!$L23),"$",""),"k","000")))
A24: =IF(Raw_Data!$A24="","E"&TEXT(ROW()-1,"00000"),Raw_Data!$A24) -> E00023 | B24: E00023 | C24: =IF(OR(PROPER(TRIM(Raw_Data!$B24))="M",PROPER(TRIM(Raw_Data!$B24))="MALE"),"Male", IF(OR(PROPER(TRIM(Raw_Data!$B24))="F",PROPER(TRIM(Raw_Data!$B24))="FEMALE"),"Female","Unknown")) -> Female | D24: =IF(TRIM(CLEAN(Raw_Data!$C24))="", "Unknown", PROPER(TRIM(Raw_Data!$C24))) -> San Diego | E24: =IF(TRIM(Raw_Data!$D24)="IT","IT",PROPER(TRIM(CLEAN(Raw_Data!$D24)))) -> Administrative | F24: =IF(OR(UPPER(TRIM(Raw_Data!E24))="COO", UPPER(TRIM(Raw_Data!E24))="HR", UPPER(TRIM(Raw_Data!E24))="CEO", UPPER(TRIM(Raw_Data!E24))="CFO", UPPER(TRIM(Raw_Data!E24))="CMO"), UPPER(TRIM(Raw_Data!E24)), PROPER(TRIM(CLEAN(Raw_Data!E24)))) -> Copywriter | G24: =SUBSTITUTE(PROPER(TRIM(CLEAN(Raw_Data!$F24)))," ","-") -> Full-Time | H24: =PROPER(TRIM(CLEAN(Raw_Data!$G24))) -> Career Fairs | I24: =TRIM(CLEAN(Raw_Data!H24)) -> 43786 | K24: =IF(Clean_Data!$I24="","Active","Exited") -> Exited | L24: =IF(Clean_Data!$K24="","",DATEDIF(Clean_Data!$K24,TODAY(),"Y")) -> 61 | M24: =IF(Raw_Data!$L24="","",VALUE(SUBSTITUTE(SUBSTITUTE(TRIM(Raw_Data!$L24),"$",""),"k","000"))) -> 110000
A25: =IF(Raw_Data!$A25="","E"&TEXT(ROW()-1,"00000"),Raw_Data!$A25) -> E00024 | B25: E00024 | C25: =IF(OR(PROPER(TRIM(Raw_Data!$B25))="M",PROPER(TRIM(Raw_Data!$B25))="MALE"),"Male", IF(OR(PROPER(TRIM(Raw_Data!$B25))="F",PROPER(TRIM(Raw_Data!$B25))="FEMALE"),"Female","Unknown")) -> Unknown | D25: =IF(TRIM(CLEAN(Raw_Data!$C25))="", "Unknown", PROPER(TRIM(Raw_Data!$C25))) -> San Diego | E25: =IF(TRIM(Raw_Data!$D25)="IT","IT",PROPER(TRIM(CLEAN(Raw_Data!$D25)))) -> Marketing | F25: =IF(OR(UPPER(TRIM(Raw_Data!E25))="COO", UPPER(TRIM(Raw_Data!E25))="HR", UPPER(TRIM(Raw_Data!E25))="CEO", UPPER(TRIM(Raw_Data!E25))="CFO", UPPER(TRIM(Raw_Data!E25))="CMO"), UPPER(TRIM(Raw_Data!E25)), PROPER(TRIM(CLEAN(Raw_Data!E25)))) -> CEO | G25: =SUBSTITUTE(PROPER(TRIM(CLEAN(Raw_Data!$F25)))," ","-") | H25: =PROPER(TRIM(CLEAN(Raw_Data!$G25))) | I25: =TRIM(CLEAN(Raw_Data!H25)) -> 41033 | K25: =IF(Clean_Data!$I25="","Active","Exited") -> Active | L25: =IF(Clean_Data!$K25="","",DATEDIF(Clean_Data!$K25,TODAY(),"Y")) | M25: =IF(Raw_Data!$L25="","",VALUE(SUBSTITUTE(SUBSTITUTE(TRIM(Raw_Data!$L25),"$",""),"k","000"))) -> 83205
A26: =IF(Raw_Data!$A26="","E"&TEXT(ROW()-1,"00000"),Raw_Data!$A26) -> E00025 | B26: E00025 | C26: =IF(OR(PROPER(TRIM(Raw_Data!$B26))="M",PROPER(TRIM(Raw_Data!$B26))="MALE"),"Male", IF(OR(PROPER(TRIM(Raw_Data!$B26))="F",PROPER(TRIM(Raw_Data!$B26))="FEMALE"),"Female","Unknown")) -> Female | D26: =IF(TRIM(CLEAN(Raw_Data!$C26))="", "Unknown", PROPER(TRIM(Raw_Data!$C26))) -> New York | E26: =IF(TRIM(Raw_Data!$D26)="IT","IT",PROPER(TRIM(CLEAN(Raw_Data!$D26)))) -> Marketing | F26: =IF(OR(UPPER(TRIM(Raw_Data!E26))="COO", UPPER(TRIM(Raw_Data!E26))="HR", UPPER(TRIM(Raw_Data!E26))="CEO", UPPER(TRIM(Raw_Data!E26))="CFO", UPPER(TRIM(Raw_Data!E26))="CMO"), UPPER(TRIM(Raw_Data!E26)), PROPER(TRIM(CLEAN(Raw_Data!E26)))) -> Developer | G26: =SUBSTITUTE(PROPER(TRIM(CLEAN(Raw_Data!$F26)))," ","-") | H26: =PROPER(TRIM(CLEAN(Raw_Data!$G26))) | I26: =TRIM(CLEAN(Raw_Data!H26)) -> 43268 | K26: =IF(Clean_Data!$I26="","Active","Exited") -> Active | L26: =IF(Clean_Data!$K26="","",DATEDIF(Clean_Data!$K26,TODAY(),"Y")) -> 49 | M26: =IF(Raw_Data!$L26="","",VALUE(SUBSTITUTE(SUBSTITUTE(TRIM(Raw_Data!$L26),"$",""),"k","000")))
A27: =IF(Raw_Data!$A27="","E"&TEXT(ROW()-1,"00000"),Raw_Data!$A27) -> E00026 | B27: E00026 | C27: =IF(OR(PROPER(TRIM(Raw_Data!$B27))="M",PROPER(TRIM(Raw_Data!$B27))="MALE"),"Male", IF(OR(PROPER(TRIM(Raw_Data!$B27))="F",PROPER(TRIM(Raw_Data!$B27))="FEMALE"),"Female","Unknown")) -> Male | D27: =IF(TRIM(CLEAN(Raw_Data!$C27))="", "Unknown", PROPER(TRIM(Raw_Data!$C27))) -> Unknown | E27: =IF(TRIM(Raw_Data!$D27)="IT","IT",PROPER(TRIM(CLEAN(Raw_Data!$D27)))) | F27: =IF(OR(UPPER(TRIM(Raw_Data!E27))="COO", UPPER(TRIM(Raw_Data!E27))="HR", UPPER(TRIM(Raw_Data!E27))="CEO", UPPER(TRIM(Raw_Data!E27))="CFO", UPPER(TRIM(Raw_Data!E27))="CMO"), UPPER(TRIM(Raw_Data!E27)), PROPER(TRIM(CLEAN(Raw_Data!E27)))) -> CFO | G27: =SUBSTITUTE(PROPER(TRIM(CLEAN(Raw_Data!$F27)))," ","-") -> Part-Time | H27: =PROPER(TRIM(CLEAN(Raw_Data!$G27))) -> Internal Referral | I27: =TRIM(CLEAN(Raw_Data!H27)) -> 43530 | K27: =IF(Clean_Data!$I27="","Active","Exited") -> Exited | L27: =IF(Clean_Data!$K27="","",DATEDIF(Clean_Data!$K27,TODAY(),"Y")) -> 51 | M27: =IF(Raw_Data!$L27="","",VALUE(SUBSTITUTE(SUBSTITUTE(TRIM(Raw_Data!$L27),"$",""),"k","000"))) -> 76000
A28: =IF(Raw_Data!$A28="","E"&TEXT(ROW()-1,"00000"),Raw_Data!$A28) -> E00027 | B28: E00027 | C28: =IF(OR(PROPER(TRIM(Raw_Data!$B28))="M",PROPER(TRIM(Raw_Data!$B28))="MALE"),"Male", IF(OR(PROPER(TRIM(Raw_Data!$B28))="F",PROPER(TRIM(Raw_Data!$B28))="FEMALE"),"Female","Unknown")) -> Unknown | D28: =IF(TRIM(CLEAN(Raw_Data!$C28))="", "Unknown", PROPER(TRIM(Raw_Data!$C28))) -> Austin | E28: =IF(TRIM(Raw_Data!$D28)="IT","IT",PROPER(TRIM(CLEAN(Raw_Data!$D28)))) -> IT | F28: =IF(OR(UPPER(TRIM(Raw_Data!E28))="COO", UPPER(TRIM(Raw_Data!E28))="HR", UPPER(TRIM(Raw_Data!E28))="CEO", UPPER(TRIM(Raw_Data!E28))="CFO", UPPER(TRIM(Raw_Data!E28))="CMO"), UPPER(TRIM(Raw_Data!E28)), PROPER(TRIM(CLEAN(Raw_Data!E28)))) -> CMO | G28: =SUBSTITUTE(PROPER(TRIM(CLEAN(Raw_Data!$F28)))," ","-") | H28: =PROPER(TRIM(CLEAN(Raw_Data!$G28))) -> Career Fairs | I28: =TRIM(CLEAN(Raw_Data!H28)) -> 43015 | K28: =IF(Clean_Data!$I28="","Active","Exited") -> Active | L28: =IF(Clean_Data!$K28="","",DATEDIF(Clean_Data!$K28,TODAY(),"Y")) -> 43 | M28: =IF(Raw_Data!$L28="","",VALUE(SUBSTITUTE(SUBSTITUTE(TRIM(Raw_Data!$L28),"$",""),"k","000")))
A29: =IF(Raw_Data!$A29="","E"&TEXT(ROW()-1,"00000"),Raw_Data!$A29) -> E00028 | B29: E00028 | C29: =IF(OR(PROPER(TRIM(Raw_Data!$B29))="M",PROPER(TRIM(Raw_Data!$B29))="MALE"),"Male", IF(OR(PROPER(TRIM(Raw_Data!$B29))="F",PROPER(TRIM(Raw_Data!$B29))="FEMALE"),"Female","Unknown")) -> Female | D29: =IF(TRIM(CLEAN(Raw_Data!$C29))="", "Unknown", PROPER(TRIM(Raw_Data!$C29))) -> Austin | E29: =IF(TRIM(Raw_Data!$D29)="IT","IT",PROPER(TRIM(CLEAN(Raw_Data!$D29)))) -> Research | F29: =IF(OR(UPPER(TRIM(Raw_Data!E29))="COO", UPPER(TRIM(Raw_Data!E29))="HR", UPPER(TRIM(Raw_Data!E29))="CEO", UPPER(TRIM(Raw_Data!E29))="CFO", UPPER(TRIM(Raw_Data!E29))="CMO"), UPPER(TRIM(Raw_Data!E29)), PROPER(TRIM(CLEAN(Raw_Data!E29)))) -> CEO | G29: =SUBSTITUTE(PROPER(TRIM(CLEAN(Raw_Data!$F29)))," ","-") | H29: =PROPER(TRIM(CLEAN(Raw_Data!$G29))) -> Job Boards | I29: =TRIM(CLEAN(Raw_Data!H29)) -> 43799 | K29: =IF(Clean_Data!$I29="","Active","Exited") -> Exited | L29: =IF(Clean_Data!$K29="","",DATEDIF(Clean_Data!$K29,TODAY(),"Y")) -> 45 | M29: =IF(Raw_Data!$L29="","",VALUE(SUBSTITUTE(SUBSTITUTE(TRIM(Raw_Data!$L29),"$",""),"k","000"))) -> 61880
A30: =IF(Raw_Data!$A30="","E"&TEXT(ROW()-1,"00000"),Raw_Data!$A30) -> E00029 | B30: E00029 | C30: =IF(OR(PROPER(TRIM(Raw_Data!$B30))="M",PROPER(TRIM(Raw_Data!$B30))="MALE"),"Male", IF(OR(PROPER(TRIM(Raw_Data!$B30))="F",PROPER(TRIM(Raw_Data!$B30))="FEMALE"),"Female","Unknown")) -> Female | D30: =IF(TRIM(CLEAN(Raw_Data!$C30))="", "Unknown", PROPER(TRIM(Raw_Data!$C30))) -> San Diego | E30: =IF(TRIM(Raw_Data!$D30)="IT","IT",PROPER(TRIM(CLEAN(Raw_Data!$D30)))) -> Administrative | F30: =IF(OR(UPPER(TRIM(Raw_Data!E30))="COO", UPPER(TRIM(Raw_Data!E30))="HR", UPPER(TRIM(Raw_Data!E30))="CEO", UPPER(TRIM(Raw_Data!E30))="CFO", UPPER(TRIM(Raw_Data!E30))="CMO"), UPPER(TRIM(Raw_Data!E30)), PROPER(TRIM(CLEAN(Raw_Data!E30)))) -> Engineer | G30: =SUBSTITUTE(PROPER(TRIM(CLEAN(Raw_Data!$F30)))," ","-") | H30: =PROPER(TRIM(CLEAN(Raw_Data!$G30))) -> Internal Referral | I30: =TRIM(CLEAN(Raw_Data!H30)) -> 41064 | K30: =IF(Clean_Data!$I30="","Active","Exited") -> Active | L30: =IF(Clean_Data!$K30="","",DATEDIF(Clean_Data!$K30,TODAY(),"Y")) -> 61 | M30: =IF(Raw_Data!$L30="","",VALUE(SUBSTITUTE(SUBSTITUTE(TRIM(Raw_Data!$L30),"$",""),"k","000")))
A31: =IF(Raw_Data!$A31="","E"&TEXT(ROW()-1,"00000"),Raw_Data!$A31) -> E00030 | B31: E00030 | C31: =IF(OR(PROPER(TRIM(Raw_Data!$B31))="M",PROPER(TRIM(Raw_Data!$B31))="MALE"),"Male", IF(OR(PROPER(TRIM(Raw_Data!$B31))="F",PROPER(TRIM(Raw_Data!$B31))="FEMALE"),"Female","Unknown")) -> Male | D31: =IF(TRIM(CLEAN(Raw_Data!$C31))="", "Unknown", PROPER(TRIM(Raw_Data!$C31))) -> Denver | E31: =IF(TRIM(Raw_Data!$D31)="IT","IT",PROPER(TRIM(CLEAN(Raw_Data!$D31)))) -> Legal | F31: =IF(OR(UPPER(TRIM(Raw_Data!E31))="COO", UPPER(TRIM(Raw_Data!E31))="HR", UPPER(TRIM(Raw_Data!E31))="CEO", UPPER(TRIM(Raw_Data!E31))="CFO", UPPER(TRIM(Raw_Data!E31))="CMO"), UPPER(TRIM(Raw_Data!E31)), PROPER(TRIM(CLEAN(Raw_Data!E31)))) -> Sales Executive | G31: =SUBSTITUTE(PROPER(TRIM(CLEAN(Raw_Data!$F31)))," ","-") | H31: =PROPER(TRIM(CLEAN(Raw_Data!$G31))) -> Online Portal | I31: =TRIM(CLEAN(Raw_Data!H31)) -> N/A | K31: =IF(Clean_Data!$I31="","Active","Exited") -> Active | L31: =IF(Clean_Data!$K31="","",DATEDIF(Clean_Data!$K31,TODAY(),"Y")) -> 24 | M31: =IF(Raw_Data!$L31="","",VALUE(SUBSTITUTE(SUBSTITUTE(TRIM(Raw_Data!$L31),"$",""),"k","000"))) -> 59000
A32: =IF(Raw_Data!$A32="","E"&TEXT(ROW()-1,"00000"),Raw_Data!$A32) -> E00031 | B32: E00031 | C32: =IF(OR(PROPER(TRIM(Raw_Data!$B32))="M",PROPER(TRIM(Raw_Data!$B32))="MALE"),"Male", IF(OR(PROPER(TRIM(Raw_Data!$B32))="F",PROPER(TRIM(Raw_Data!$B32))="FEMALE"),"Female","Unknown")) -> Male | D32: =IF(TRIM(CLEAN(Raw_Data!$C32))="", "Unknown", PROPER(TRIM(Raw_Data!$C32))) -> Austin | E32: =IF(TRIM(Raw_Data!$D32)="IT","IT",PROPER(TRIM(CLEAN(Raw_Data!$D32)))) -> Sales | F32: =IF(OR(UPPER(TRIM(Raw_Data!E32))="COO", UPPER(TRIM(Raw_Data!E32))="HR", UPPER(TRIM(Raw_Data!E32))="CEO", UPPER(TRIM(Raw_Data!E32))="CFO", UPPER(TRIM(Raw_Data!E32))="CMO"), UPPER(TRIM(Raw_Data!E32)), PROPER(TRIM(CLEAN(Raw_Data!E32)))) -> Analyst | G32: =SUBSTITUTE(PROPER(TRIM(CLEAN(Raw_Data!$F32)))," ","-") | H32: =PROPER(TRIM(CLEAN(Raw_Data!$G32))) -> Career Fairs | I32: =TRIM(CLEAN(Raw_Data!H32)) -> 39845 | K32: =IF(Clean_Data!$I32="","Active","Exited") -> Exited | L32: =IF(Clean_Data!$K32="","",DATEDIF(Clean_Data!$K32,TODAY(),"Y")) -> 61 | M32: =IF(Raw_Data!$L32="","",VALUE(SUBSTITUTE(SUBSTITUTE(TRIM(Raw_Data!$L32),"$",""),"k","000")))
A33: =IF(Raw_Data!$A33="","E"&TEXT(ROW()-1,"00000"),Raw_Data!$A33) -> E00032 | B33: E00032 | C33: =IF(OR(PROPER(TRIM(Raw_Data!$B33))="M",PROPER(TRIM(Raw_Data!$B33))="MALE"),"Male", IF(OR(PROPER(TRIM(Raw_Data!$B33))="F",PROPER(TRIM(Raw_Data!$B33))="FEMALE"),"Female","Unknown")) -> Male | D33: =IF(TRIM(CLEAN(Raw_Data!$C33))="", "Unknown", PROPER(TRIM(Raw_Data!$C33))) -> Austin | E33: =IF(TRIM(Raw_Data!$D33)="IT","IT",PROPER(TRIM(CLEAN(Raw_Data!$D33)))) -> Marketing | F33: =UPPER(LEFT(Raw_Data!E33,2))&MID(PROPER(Raw_Data!E33),3,LEN(Raw_Data!E33)) -> HR Manager | G33: =SUBSTITUTE(PROPER(TRIM(CLEAN(Raw_Data!$F33)))," ","-") -> Part-Time | H33: =PROPER(TRIM(CLEAN(Raw_Data!$G33))) -> Organic | I33: =TRIM(CLEAN(Raw_Data!H33)) -> 41099 | K33: =IF(Clean_Data!$I33="","Active","Exited") -> Active | L33: =IF(Clean_Data!$K33="","",DATEDIF(Clean_Data!$K33,TODAY(),"Y")) -> 26 | M33: =IF(Raw_Data!$L33="","",VALUE(SUBSTITUTE(SUBSTITUTE(TRIM(Raw_Data!$L33),"$",""),"k","000"))) -> 31000
A34: =IF(Raw_Data!$A34="","E"&TEXT(ROW()-1,"00000"),Raw_Data!$A34) -> E00033 | B34: E00033 | C34: =IF(OR(PROPER(TRIM(Raw_Data!$B34))="M",PROPER(TRIM(Raw_Data!$B34))="MALE"),"Male", IF(OR(PROPER(TRIM(Raw_Data!$B34))="F",PROPER(TRIM(Raw_Data!$B34))="FEMALE"),"Female","Unknown")) -> Male | D34: =IF(TRIM(CLEAN(Raw_Data!$C34))="", "Unknown", PROPER(TRIM(Raw_Data!$C34))) -> San Diego | E34: =IF(TRIM(Raw_Data!$D34)="IT","IT",PROPER(TRIM(CLEAN(Raw_Data!$D34)))) -> Administrative | F34: Unknown | G34: =SUBSTITUTE(PROPER(TRIM(CLEAN(Raw_Data!$F34)))," ","-") -> Part-Time | H34: =PROPER(TRIM(CLEAN(Raw_Data!$G34))) -> Job Boards | I34: =TRIM(CLEAN(Raw_Data!H34)) -> 40487 | K34: =IF(Clean_Data!$I34="","Active","Exited") -> Active | L34: =IF(Clean_Data!$K34="","",DATEDIF(Clean_Data!$K34,TODAY(),"Y")) -> 46 | M34: =IF(Raw_Data!$L34="","",VALUE(SUBSTITUTE(SUBSTITUTE(TRIM(Raw_Data!$L34),"$",""),"k","000"))) -> 77517
A35: =IF(Raw_Data!$A35="","E"&TEXT(ROW()-1,"00000"),Raw_Data!$A35) -> E00034 | B35: E00034 | C35: =IF(OR(PROPER(TRIM(Raw_Data!$B35))="M",PROPER(TRIM(Raw_Data!$B35))="MALE"),"Male", IF(OR(PROPER(TRIM(Raw_Data!$B35))="F",PROPER(TRIM(Raw_Data!$B35))="FEMALE"),"Female","Unknown")) -> Female | D35: =IF(TRIM(CLEAN(Raw_Data!$C35))="", "Unknown", PROPER(TRIM(Raw_Data!$C35))) -> Austin | E35: =IF(TRIM(Raw_Data!$D35)="IT","IT",PROPER(TRIM(CLEAN(Raw_Data!$D35)))) -> Legal | F35: =IF(OR(UPPER(TRIM(Raw_Data!E35))="COO", UPPER(TRIM(Raw_Data!E35))="HR", UPPER(TRIM(Raw_Data!E35))="CEO", UPPER(TRIM(Raw_Data!E35))="CFO", UPPER(TRIM(Raw_Data!E35))="CMO"), UPPER(TRIM(Raw_Data!E35)), PROPER(TRIM(CLEAN(Raw_Data!E35)))) -> Accountant | G35: =SUBSTITUTE(PROPER(TRIM(CLEAN(Raw_Data!$F35)))," ","-") | H35: =PROPER(TRIM(CLEAN(Raw_Data!$G35))) -> Online Portal | I35: =TRIM(CLEAN(Raw_Data!H35)) -> 43357 | K35: =IF(Clean_Data!$I35="","Active","Exited") -> Active | L35: =IF(Clean_Data!$K35="","",DATEDIF(Clean_Data!$K35,TODAY(),"Y")) -> 22 | M35: =IF(Raw_Data!$L35="","",VALUE(SUBSTITUTE(SUBSTITUTE(TRIM(Raw_Data!$L35),"$",""),"k","000"))) -> 85503
A36: =IF(Raw_Data!$A36="","E"&TEXT(ROW()-1,"00000"),Raw_Data!$A36) -> E00035 | B36: E00035 | C36: =IF(OR(PROPER(TRIM(Raw_Data!$B36))="M",PROPER(TRIM(Raw_Data!$B36))="MALE"),"Male", IF(OR(PROPER(TRIM(Raw_Data!$B36))="F",PROPER(TRIM(Raw_Data!$B36))="FEMALE"),"Female","Unknown")) -> Unknown | D36: =IF(TRIM(CLEAN(Raw_Data!$C36))="", "Unknown", PROPER(TRIM(Raw_Data!$C36))) -> Miami | E36: =IF(TRIM(Raw_Data!$D36)="IT","IT",PROPER(TRIM(CLEAN(Raw_Data!$D36)))) -> IT | F36: =IF(OR(UPPER(TRIM(Raw_Data!E36))="COO", UPPER(TRIM(Raw_Data!E36))="HR", UPPER(TRIM(Raw_Data!E36))="CEO", UPPER(TRIM(Raw_Data!E36))="CFO", UPPER(TRIM(Raw_Data!E36))="CMO"), UPPER(TRIM(Raw_Data!E36)), PROPER(TRIM(CLEAN(Raw_Data!E36)))) -> CFO | G36: =SUBSTITUTE(PROPER(TRIM(CLEAN(Raw_Data!$F36)))," ","-") | H36: =PROPER(TRIM(CLEAN(Raw_Data!$G36))) -> Career Fairs | I36: =TRIM(CLEAN(Raw_Data!H36)) -> 43073 | K36: =IF(Clean_Data!$I36="","Active","Exited") -> Exited | L36: =IF(Clean_Data!$K36="","",DATEDIF(Clean_Data!$K36,TODAY(),"Y")) -> 27 | M36: =IF(Raw_Data!$L36="","",VALUE(SUBSTITUTE(SUBSTITUTE(TRIM(Raw_Data!$L36),"$",""),"k","000")))
A37: =IF(Raw_Data!$A37="","E"&TEXT(ROW()-1,"00000"),Raw_Data!$A37) -> E00036 | B37: E00036 | C37: =IF(OR(PROPER(TRIM(Raw_Data!$B37))="M",PROPER(TRIM(Raw_Data!$B37))="MALE"),"Male", IF(OR(PROPER(TRIM(Raw_Data!$B37))="F",PROPER(TRIM(Raw_Data!$B37))="FEMALE"),"Female","Unknown")) -> Female | D37: =IF(TRIM(CLEAN(Raw_Data!$C37))="", "Unknown", PROPER(TRIM(Raw_Data!$C37))) -> Miami | E37: =IF(TRIM(Raw_Data!$D37)="IT","IT",PROPER(TRIM(CLEAN(Raw_Data!$D37)))) -> Operations | F37: =IF(OR(UPPER(TRIM(Raw_Data!E37))="COO", UPPER(TRIM(Raw_Data!E37))="HR", UPPER(TRIM(Raw_Data!E37))="CEO", UPPER(TRIM(Raw_Data!E37))="CFO", UPPER(TRIM(Raw_Data!E37))="CMO"), UPPER(TRIM(Raw_Data!E37)), PROPER(TRIM(CLEAN(Raw_Data!E37)))) -> Accountant | G37: =SUBSTITUTE(PROPER(TRIM(CLEAN(Raw_Data!$F37)))," ","-") -> Part-Time | H37: =PROPER(TRIM(CLEAN(Raw_Data!$G37))) -> Recruiting Agency | I37: =TRIM(CLEAN(Raw_Data!H37)) -> 42211 | K37: =IF(Clean_Data!$I37="","Active","Exited") -> Exited | L37: =IF(Clean_Data!$K37="","",DATEDIF(Clean_Data!$K37,TODAY(),"Y")) -> 62 | M37: =IF(Raw_Data!$L37="","",VALUE(SUBSTITUTE(SUBSTITUTE(TRIM(Raw_Data!$L37),"$",""),"k","000"))) -> 63023
A38: =IF(Raw_Data!$A38="","E"&TEXT(ROW()-1,"00000"),Raw_Data!$A38) -> E00037 | B38: E00037 | C38: =IF(OR(PROPER(TRIM(Raw_Data!$B38))="M",PROPER(TRIM(Raw_Data!$B38))="MALE"),"Male", IF(OR(PROPER(TRIM(Raw_Data!$B38))="F",PROPER(TRIM(Raw_Data!$B38))="FEMALE"),"Female","Unknown")) -> Female | D38: =IF(TRIM(CLEAN(Raw_Data!$C38))="", "Unknown", PROPER(TRIM(Raw_Data!$C38))) -> Austin | E38: =IF(TRIM(Raw_Data!$D38)="IT","IT",PROPER(TRIM(CLEAN(Raw_Data!$D38)))) -> IT | F38: Unknown | G38: =SUBSTITUTE(PROPER(TRIM(CLEAN(Raw_Data!$F38)))," ","-") -> Hourly-Rate | H38: =PROPER(TRIM(CLEAN(Raw_Data!$G38))) -> Career Fairs | I38: =TRIM(CLEAN(Raw_Data!H38)) -> 39948 | K38: =IF(Clean_Data!$I38="","Active","Exited") -> Exited | L38: =IF(Clean_Data!$K38="","",DATEDIF(Clean_Data!$K38,TODAY(),"Y")) -> 63 | M38: =IF(Raw_Data!$L38="","",VALUE(SUBSTITUTE(SUBSTITUTE(TRIM(Raw_Data!$L38),"$",""),"k","000")))
A39: =IF(Raw_Data!$A39="","E"&TEXT(ROW()-1,"00000"),Raw_Data!$A39) -> E00038 | B39: E00038 | C39: =IF(OR(PROPER(TRIM(Raw_Data!$B39))="M",PROPER(TRIM(Raw_Data!$B39))="MALE"),"Male", IF(OR(PROPER(TRIM(Raw_Data!$B39))="F",PROPER(TRIM(Raw_Data!$B39))="FEMALE"),"Female","Unknown")) -> Female | D39: =IF(TRIM(CLEAN(Raw_Data!$C39))="", "Unknown", PROPER(TRIM(Raw_Data!$C39))) -> Denver | E39: =IF(TRIM(Raw_Data!$D39)="IT","IT",PROPER(TRIM(CLEAN(Raw_Data!$D39)))) -> Marketing | F39: Unknown | G39: =SUBSTITUTE(PROPER(TRIM(CLEAN(Raw_Data!$F39)))," ","-") -> Full-Time | H39: =PROPER(TRIM(CLEAN(Raw_Data!$G39))) | I39: =TRIM(CLEAN(Raw_Data!H39)) -> 44034 | K39: =IF(Clean_Data!$I39="","Active","Exited") -> Active | L39: =IF(Clean_Data!$K39="","",DATEDIF(Clean_Data!$K39,TODAY(),"Y")) -> 41 | M39: =IF(Raw_Data!$L39="","",VALUE(SUBSTITUTE(SUBSTITUTE(TRIM(Raw_Data!$L39),"$",""),"k","000")))
A40: =IF(Raw_Data!$A40="","E"&TEXT(ROW()-1,"00000"),Raw_Data!$A40) -> E00039 | B40: E00039 | C40: =IF(OR(PROPER(TRIM(Raw_Data!$B40))="M",PROPER(TRIM(Raw_Data!$B40))="MALE"),"Male", IF(OR(PROPER(TRIM(Raw_Data!$B40))="F",PROPER(TRIM(Raw_Data!$B40))="FEMALE"),"Female","Unknown")) -> Male | D40: =IF(TRIM(CLEAN(Raw_Data!$C40))="", "Unknown", PROPER(TRIM(Raw_Data!$C40))) -> New York | E40: =IF(TRIM(Raw_Data!$D40)="IT","IT",PROPER(TRIM(CLEAN(Raw_Data!$D40)))) -> Production | F40: =IF(OR(UPPER(TRIM(Raw_Data!E40))="COO", UPPER(TRIM(Raw_Data!E40))="HR", UPPER(TRIM(Raw_Data!E40))="CEO", UPPER(TRIM(Raw_Data!E40))="CFO", UPPER(TRIM(Raw_Data!E40))="CMO"), UPPER(TRIM(Raw_Data!E40)), PROPER(TRIM(CLEAN(Raw_Data!E40)))) -> Analyst | G40: =SUBSTITUTE(PROPER(TRIM(CLEAN(Raw_Data!$F40)))," ","-") -> Hourly-Rate | H40: =PROPER(TRIM(CLEAN(Raw_Data!$G40))) -> Job Boards | I40: =TRIM(CLEAN(Raw_Data!H40)) -> 42557 | K40: =IF(Clean_Data!$I40="","Active","Exited") -> Active | L40: =IF(Clean_Data!$K40="","",DATEDIF(Clean_Data!$K40,TODAY(),"Y")) -> 38 | M40: =IF(Raw_Data!$L40="","",VALUE(SUBSTITUTE(SUBSTITUTE(TRIM(Raw_Data!$L40),"$",""),"k","000"))) -> 51000
A41: =IF(Raw_Data!$A41="","E"&TEXT(ROW()-1,"00000"),Raw_Data!$A41) -> E00040 | B41: E00040 | C41: =IF(OR(PROPER(TRIM(Raw_Data!$B41))="M",PROPER(TRIM(Raw_Data!$B41))="MALE"),"Male", IF(OR(PROPER(TRIM(Raw_Data!$B41))="F",PROPER(TRIM(Raw_Data!$B41))="FEMALE"),"Female","Unknown")) -> Male | D41: =IF(TRIM(CLEAN(Raw_Data!$C41))="", "Unknown", PROPER(TRIM(Raw_Data!$C41))) -> San Diego | E41: =IF(TRIM(Raw_Data!$D41)="IT","IT",PROPER(TRIM(CLEAN(Raw_Data!$D41)))) -> Logistics | F41: =IF(OR(UPPER(TRIM(Raw_Data!E41))="COO", UPPER(TRIM(Raw_Data!E41))="HR", UPPER(TRIM(Raw_Data!E41))="CEO", UPPER(TRIM(Raw_Data!E41))="CFO", UPPER(TRIM(Raw_Data!E41))="CMO"), UPPER(TRIM(Raw_Data!E41)), PROPER(TRIM(CLEAN(Raw_Data!E41)))) -> CEO | G41: =SUBSTITUTE(PROPER(TRIM(CLEAN(Raw_Data!$F41)))," ","-") | H41: =PROPER(TRIM(CLEAN(Raw_Data!$G41))) -> Recruiting Agency | I41: =TRIM(CLEAN(Raw_Data!H41)) -> 41683 | K41: =IF(Clean_Data!$I41="","Active","Exited") -> Active | L41: =IF(Clean_Data!$K41="","",DATEDIF(Clean_Data!$K41,TODAY(),"Y")) -> 65 | M41: =IF(Raw_Data!$L41="","",VALUE(SUBSTITUTE(SUBSTITUTE(TRIM(Raw_Data!$L41),"$",""),"k","000"))) -> 102517
A42: =IF(Raw_Data!$A42="","E"&TEXT(ROW()-1,"00000"),Raw_Data!$A42) -> E00041 | B42: E00041 | C42: =IF(OR(PROPER(TRIM(Raw_Data!$B42))="M",PROPER(TRIM(Raw_Data!$B42))="MALE"),"Male", IF(OR(PROPER(TRIM(Raw_Data!$B42))="F",PROPER(TRIM(Raw_Data!$B42))="FEMALE"),"Female","Unknown")) -> Female | D42: =IF(TRIM(CLEAN(Raw_Data!$C42))="", "Unknown", PROPER(TRIM(Raw_Data!$C42))) -> San Diego | E42: =IF(TRIM(Raw_Data!$D42)="IT","IT",PROPER(TRIM(CLEAN(Raw_Data!$D42)))) -> Production | F42: =IF(OR(UPPER(TRIM(Raw_Data!E42))="COO", UPPER(TRIM(Raw_Data!E42))="HR", UPPER(TRIM(Raw_Data!E42))="CEO", UPPER(TRIM(Raw_Data!E42))="CFO", UPPER(TRIM(Raw_Data!E42))="CMO"), UPPER(TRIM(Raw_Data!E42)), PROPER(TRIM(CLEAN(Raw_Data!E42)))) -> CFO | G42: =SUBSTITUTE(PROPER(TRIM(CLEAN(Raw_Data!$F42)))," ","-") -> Hourly-Rate | H42: =PROPER(TRIM(CLEAN(Raw_Data!$G42))) -> Organic | I42: =TRIM(CLEAN(Raw_Data!H42)) -> 40426 | K42: =IF(Clean_Data!$I42="","Active","Exited") -> Active | L42: =IF(Clean_Data!$K42="","",DATEDIF(Clean_Data!$K42,TODAY(),"Y")) -> 43 | M42: =IF(Raw_Data!$L42="","",VALUE(SUBSTITUTE(SUBSTITUTE(TRIM(Raw_Data!$L42),"$",""),"k","000"))) -> 55211
A43: =IF(Raw_Data!$A43="","E"&TEXT(ROW()-1,"00000"),Raw_Data!$A43) -> E00042 | B43: E00042 | C43: =IF(OR(PROPER(TRIM(Raw_Data!$B43))="M",PROPER(TRIM(Raw_Data!$B43))="MALE"),"Male", IF(OR(PROPER(TRIM(Raw_Data!$B43))="F",PROPER(TRIM(Raw_Data!$B43))="FEMALE"),"Female","Unknown")) -> Female | D43: =IF(TRIM(CLEAN(Raw_Data!$C43))="", "Unknown", PROPER(TRIM(Raw_Data!$C43))) -> Miami | E43: =IF(TRIM(Raw_Data!$D43)="IT","IT",PROPER(TRIM(CLEAN(Raw_Data!$D43)))) -> Human Resources | F43: =IF(OR(UPPER(TRIM(Raw_Data!E43))="COO", UPPER(TRIM(Raw_Data!E43))="HR", UPPER(TRIM(Raw_Data!E43))="CEO", UPPER(TRIM(Raw_Data!E43))="CFO", UPPER(TRIM(Raw_Data!E43))="CMO"), UPPER(TRIM(Raw_Data!E43)), PROPER(TRIM(CLEAN(Raw_Data!E43)))) -> Marketing Manager | G43: =SUBSTITUTE(PROPER(TRIM(CLEAN(Raw_Data!$F43)))," ","-") -> Hourly-Rate | H43: =PROPER(TRIM(CLEAN(Raw_Data!$G43))) -> Organic | I43: =TRIM(CLEAN(Raw_Data!H43)) -> 40459 | K43: =IF(Clean_Data!$I43="","Active","Exited") -> Exited | L43: =IF(Clean_Data!$K43="","",DATEDIF(Clean_Data!$K43,TODAY(),"Y")) -> 24 | M43: =IF(Raw_Data!$L43="","",VALUE(SUBSTITUTE(SUBSTITUTE(TRIM(Raw_Data!$L43),"$",""),"k","000"))) -> 53964
A44: =IF(Raw_Data!$A44="","E"&TEXT(ROW()-1,"00000"),Raw_Data!$A44) -> E00043 | B44: E00043 | C44: =IF(OR(PROPER(TRIM(Raw_Data!$B44))="M",PROPER(TRIM(Raw_Data!$B44))="MALE"),"Male", IF(OR(PROPER(TRIM(Raw_Data!$B44))="F",PROPER(TRIM(Raw_Data!$B44))="FEMALE"),"Female","Unknown")) -> Female | D44: =IF(TRIM(CLEAN(Raw_Data!$C44))="", "Unknown", PROPER(TRIM(Raw_Data!$C44))) -> Unknown | E44: =IF(TRIM(Raw_Data!$D44)="IT","IT",PROPER(TRIM(CLEAN(Raw_Data!$D44)))) -> Research | F44: =IF(OR(UPPER(TRIM(Raw_Data!E44))="COO", UPPER(TRIM(Raw_Data!E44))="HR", UPPER(TRIM(Raw_Data!E44))="CEO", UPPER(TRIM(Raw_Data!E44))="CFO", UPPER(TRIM(Raw_Data!E44))="CMO"), UPPER(TRIM(Raw_Data!E44)), PROPER(TRIM(CLEAN(Raw_Data!E44)))) -> Copywriter | G44: =SUBSTITUTE(PROPER(TRIM(CLEAN(Raw_Data!$F44)))," ","-") -> Full-Time | H44: =PROPER(TRIM(CLEAN(Raw_Data!$G44))) -> Recruiting Agency | I44: =TRIM(CLEAN(Raw_Data!H44)) -> 43954 | K44: =IF(Clean_Data!$I44="","Active","Exited") -> Exited | L44: =IF(Clean_Data!$K44="","",DATEDIF(Clean_Data!$K44,TODAY(),"Y")) -> 23 | M44: =IF(Raw_Data!$L44="","",VALUE(SUBSTITUTE(SUBSTITUTE(TRIM(Raw_Data!$L44),"$",""),"k","000"))) -> 42730
A45: =IF(Raw_Data!$A45="","E"&TEXT(ROW()-1,"00000"),Raw_Data!$A45) -> E00044 | B45: E00044 | C45: =IF(OR(PROPER(TRIM(Raw_Data!$B45))="M",PROPER(TRIM(Raw_Data!$B45))="MALE"),"Male", IF(OR(PROPER(TRIM(Raw_Data!$B45))="F",PROPER(TRIM(Raw_Data!$B45))="FEMALE"),"Female","Unknown")) -> Unknown | D45: =IF(TRIM(CLEAN(Raw_Data!$C45))="", "Unknown", PROPER(TRIM(Raw_Data!$C45))) -> Unknown | E45: =IF(TRIM(Raw_Data!$D45)="IT","IT",PROPER(TRIM(CLEAN(Raw_Data!$D45)))) -> IT | F45: =IF(OR(UPPER(TRIM(Raw_Data!E45))="COO", UPPER(TRIM(Raw_Data!E45))="HR", UPPER(TRIM(Raw_Data!E45))="CEO", UPPER(TRIM(Raw_Data!E45))="CFO", UPPER(TRIM(Raw_Data!E45))="CMO"), UPPER(TRIM(Raw_Data!E45)), PROPER(TRIM(CLEAN(Raw_Data!E45)))) -> CEO | G45: =SUBSTITUTE(PROPER(TRIM(CLEAN(Raw_Data!$F45)))," ","-") | H45: =PROPER(TRIM(CLEAN(Raw_Data!$G45))) -> Career Fairs | I45: =TRIM(CLEAN(Raw_Data!H45)) -> 43665 | K45: =IF(Clean_Data!$I45="","Active","Exited") -> Active | L45: =IF(Clean_Data!$K45="","",DATEDIF(Clean_Data!$K45,TODAY(),"Y")) -> 64 | M45: =IF(Raw_Data!$L45="","",VALUE(SUBSTITUTE(SUBSTITUTE(TRIM(Raw_Data!$L45),"$",""),"k","000"))) -> 91876
A46: =IF(Raw_Data!$A46="","E"&TEXT(ROW()-1,"00000"),Raw_Data!$A46) -> E00045 | B46: E00045 | C46: =IF(OR(PROPER(TRIM(Raw_Data!$B46))="M",PROPER(TRIM(Raw_Data!$B46))="MALE"),"Male", IF(OR(PROPER(TRIM(Raw_Data!$B46))="F",PROPER(TRIM(Raw_Data!$B46))="FEMALE"),"Female","Unknown")) -> Unknown | D46: =IF(TRIM(CLEAN(Raw_Data!$C46))="", "Unknown", PROPER(TRIM(Raw_Data!$C46))) -> Unknown | E46: =IF(TRIM(Raw_Data!$D46)="IT","IT",PROPER(TRIM(CLEAN(Raw_Data!$D46)))) -> Human Resources | F46: Unknown | G46: =SUBSTITUTE(PROPER(TRIM(CLEAN(Raw_Data!$F46)))," ","-") -> Full-Time | H46: =PROPER(TRIM(CLEAN(Raw_Data!$G46))) -> Internal Referral | I46: =TRIM(CLEAN(Raw_Data!H46)) -> 41522 | K46: =IF(Clean_Data!$I46="","Active","Exited") -> Active | L46: =IF(Clean_Data!$K46="","",DATEDIF(Clean_Data!$K46,TODAY(),"Y")) -> 33 | M46: =IF(Raw_Data!$L46="","",VALUE(SUBSTITUTE(SUBSTITUTE(TRIM(Raw_Data!$L46),"$",""),"k","000")))
A47: =IF(Raw_Data!$A47="","E"&TEXT(ROW()-1,"00000"),Raw_Data!$A47) -> E00046 | B47: E00046 | C47: =IF(OR(PROPER(TRIM(Raw_Data!$B47))="M",PROPER(TRIM(Raw_Data!$B47))="MALE"),"Male", IF(OR(PROPER(TRIM(Raw_Data!$B47))="F",PROPER(TRIM(Raw_Data!$B47))="FEMALE"),"Female","Unknown")) -> Male | D47: =IF(TRIM(CLEAN(Raw_Data!$C47))="", "Unknown", PROPER(TRIM(Raw_Data!$C47))) -> Miami | E47: =IF(TRIM(Raw_Data!$D47)="IT","IT",PROPER(TRIM(CLEAN(Raw_Data!$D47)))) -> Legal | F47: =IF(OR(UPPER(TRIM(Raw_Data!E47))="COO", UPPER(TRIM(Raw_Data!E47))="HR", UPPER(TRIM(Raw_Data!E47))="CEO", UPPER(TRIM(Raw_Data!E47))="CFO", UPPER(TRIM(Raw_Data!E47))="CMO"), UPPER(TRIM(Raw_Data!E47)), PROPER(TRIM(CLEAN(Raw_Data!E47)))) -> Engineer | G47: =SUBSTITUTE(PROPER(TRIM(CLEAN(Raw_Data!$F47)))," ","-") -> Part-Time | H47: =PROPER(TRIM(CLEAN(Raw_Data!$G47))) | I47: =TRIM(CLEAN(Raw_Data!H47)) -> 39981 | K47: =IF(Clean_Data!$I47="","Active","Exited") -> Active | L47: =IF(Clean_Data!$K47="","",DATEDIF(Clean_Data!$K47,TODAY(),"Y")) -> 33 | M47: =IF(Raw_Data!$L47="","",VALUE(SUBSTITUTE(SUBSTITUTE(TRIM(Raw_Data!$L47),"$",""),"k","000"))) -> 42919
A48: =IF(Raw_Data!$A48="","E"&TEXT(ROW()-1,"00000"),Raw_Data!$A48) -> E00047 | B48: E00047 | C48: =IF(OR(PROPER(TRIM(Raw_Data!$B48))="M",PROPER(TRIM(Raw_Data!$B48))="MALE"),"Male", IF(OR(PROPER(TRIM(Raw_Data!$B48))="F",PROPER(TRIM(Raw_Data!$B48))="FEMALE"),"Female","Unknown")) -> Female | D48: =IF(TRIM(CLEAN(Raw_Data!$C48))="", "Unknown", PROPER(TRIM(Raw_Data!$C48))) -> New York | E48: =IF(TRIM(Raw_Data!$D48)="IT","IT",PROPER(TRIM(CLEAN(Raw_Data!$D48)))) | F48: =IF(OR(UPPER(TRIM(Raw_Data!E48))="COO", UPPER(TRIM(Raw_Data!E48))="HR", UPPER(TRIM(Raw_Data!E48))="CEO", UPPER(TRIM(Raw_Data!E48))="CFO", UPPER(TRIM(Raw_Data!E48))="CMO"), UPPER(TRIM(Raw_Data!E48)), PROPER(TRIM(CLEAN(Raw_Data!E48)))) -> CFO | G48: =SUBSTITUTE(PROPER(TRIM(CLEAN(Raw_Data!$F48)))," ","-") | H48: =PROPER(TRIM(CLEAN(Raw_Data!$G48))) -> Career Fairs | I48: =TRIM(CLEAN(Raw_Data!H48)) -> 42907 | K48: =IF(Clean_Data!$I48="","Active","Exited") -> Active | L48: =IF(Clean_Data!$K48="","",DATEDIF(Clean_Data!$K48,TODAY(),"Y")) -> 41 | M48: =IF(Raw_Data!$L48="","",VALUE(SUBSTITUTE(SUBSTITUTE(TRIM(Raw_Data!$L48),"$",""),"k","000")))
A49: =IF(Raw_Data!$A49="","E"&TEXT(ROW()-1,"00000"),Raw_Data!$A49) -> E00048 | B49: E00048 | C49: =IF(OR(PROPER(TRIM(Raw_Data!$B49))="M",PROPER(TRIM(Raw_Data!$B49))="MALE"),"Male", IF(OR(PROPER(TRIM(Raw_Data!$B49))="F",PROPER(TRIM(Raw_Data!$B49))="FEMALE"),"Female","Unknown")) -> Unknown | D49: =IF(TRIM(CLEAN(Raw_Data!$C49))="", "Unknown", PROPER(TRIM(Raw_Data!$C49))) -> Unknown | E49: =IF(TRIM(Raw_Data!$D49)="IT","IT",PROPER(TRIM(CLEAN(Raw_Data!$D49)))) | F49: =IF(OR(UPPER(TRIM(Raw_Data!E49))="COO", UPPER(TRIM(Raw_Data!E49))="HR", UPPER(TRIM(Raw_Data!E49))="CEO", UPPER(TRIM(Raw_Data!E49))="CFO", UPPER(TRIM(Raw_Data!E49))="CMO"), UPPER(TRIM(Raw_Data!E49)), PROPER(TRIM(CLEAN(Raw_Data!E49)))) -> CMO | G49: =SUBSTITUTE(PROPER(TRIM(CLEAN(Raw_Data!$F49)))," ","-") | H49: =PROPER(TRIM(CLEAN(Raw_Data!$G49))) | I49: =TRIM(CLEAN(Raw_Data!H49)) -> 41481 | K49: =IF(Clean_Data!$I49="","Active","Exited") -> Active | L49: =IF(Clean_Data!$K49="","",DATEDIF(Clean_Data!$K49,TODAY(),"Y")) -> 22 | M49: =IF(Raw_Data!$L49="","",VALUE(SUBSTITUTE(SUBSTITUTE(TRIM(Raw_Data!$L49),"$",""),"k","000"))) -> 67613
A50: =IF(Raw_Data!$A50="","E"&TEXT(ROW()-1,"00000"),Raw_Data!$A50) -> E00049 | B50: E00049 | C50: =IF(OR(PROPER(TRIM(Raw_Data!$B50))="M",PROPER(TRIM(Raw_Data!$B50))="MALE"),"Male", IF(OR(PROPER(TRIM(Raw_Data!$B50))="F",PROPER(TRIM(Raw_Data!$B50))="FEMALE"),"Female","Unknown")) -> Female | D50: =IF(TRIM(CLEAN(Raw_Data!$C50))="", "Unknown", PROPER(TRIM(Raw_Data!$C50))) -> New York | E50: =IF(TRIM(Raw_Data!$D50)="IT","IT",PROPER(TRIM(CLEAN(Raw_Data!$D50)))) -> Human Resources | F50: =IF(OR(UPPER(TRIM(Raw_Data!E50))="COO", UPPER(TRIM(Raw_Data!E50))="HR", UPPER(TRIM(Raw_Data!E50))="CEO", UPPER(TRIM(Raw_Data!E50))="CFO", UPPER(TRIM(Raw_Data!E50))="CMO"), UPPER(TRIM(Raw_Data!E50)), PROPER(TRIM(CLEAN(Raw_Data!E50)))) -> Developer | G50: =SUBSTITUTE(PROPER(TRIM(CLEAN(Raw_Data!$F50)))," ","-") -> Part-Time | H50: =PROPER(TRIM(CLEAN(Raw_Data!$G50))) -> Recruiting Agency | I50: =TRIM(CLEAN(Raw_Data!H50)) -> 41714 | K50: =IF(Clean_Data!$I50="","Active","Exited") -> Active | L50: =IF(Clean_Data!$K50="","",DATEDIF(Clean_Data!$K50,TODAY(),"Y")) -> 22 | M50: =IF(Raw_Data!$L50="","",VALUE(SUBSTITUTE(SUBSTITUTE(TRIM(Raw_Data!$L50),"$",""),"k","000")))
A51: =IF(Raw_Data!$A51="","E"&TEXT(ROW()-1,"00000"),Raw_Data!$A51) -> E00050 | B51: E00050 | C51: =IF(OR(PROPER(TRIM(Raw_Data!$B51))="M",PROPER(TRIM(Raw_Data!$B51))="MALE"),"Male", IF(OR(PROPER(TRIM(Raw_Data!$B51))="F",PROPER(TRIM(Raw_Data!$B51))="FEMALE"),"Female","Unknown")) -> Male | D51: =IF(TRIM(CLEAN(Raw_Data!$C51))="", "Unknown", PROPER(TRIM(Raw_Data!$C51))) -> Austin | E51: =IF(TRIM(Raw_Data!$D51)="IT","IT",PROPER(TRIM(CLEAN(Raw_Data!$D51)))) | F51: =IF(OR(UPPER(TRIM(Raw_Data!E51))="COO", UPPER(TRIM(Raw_Data!E51))="HR", UPPER(TRIM(Raw_Data!E51))="CEO", UPPER(TRIM(Raw_Data!E51))="CFO", UPPER(TRIM(Raw_Data!E51))="CMO"), UPPER(TRIM(Raw_Data!E51)), PROPER(TRIM(CLEAN(Raw_Data!E51)))) -> Sales Executive | G51: =SUBSTITUTE(PROPER(TRIM(CLEAN(Raw_Data!$F51)))," ","-") -> Full-Time | H51: =PROPER(TRIM(CLEAN(Raw_Data!$G51))) -> Organic | I51: =TRIM(CLEAN(Raw_Data!H51)) -> 41816 | K51: =IF(Clean_Data!$I51="","Active","Exited") -> Active | L51: =IF(Clean_Data!$K51="","",DATEDIF(Clean_Data!$K51,TODAY(),"Y")) -> 56 | M51: =IF(Raw_Data!$L51="","",VALUE(SUBSTITUTE(SUBSTITUTE(TRIM(Raw_Data!$L51),"$",""),"k","000"))) -> 115355
A52: =IF(Raw_Data!$A52="","E"&TEXT(ROW()-1,"00000"),Raw_Data!$A52) -> E00051 | B52: E00051 | C52: =IF(OR(PROPER(TRIM(Raw_Data!$B52))="M",PROPER(TRIM(Raw_Data!$B52))="MALE"),"Male", IF(OR(PROPER(TRIM(Raw_Data!$B52))="F",PROPER(TRIM(Raw_Data!$B52))="FEMALE"),"Female","Unknown")) -> Female | D52: =IF(TRIM(CLEAN(Raw_Data!$C52))="", "Unknown", PROPER(TRIM(Raw_Data!$C52))) -> Denver | E52: =IF(TRIM(Raw_Data!$D52)="IT","IT",PROPER(TRIM(CLEAN(Raw_Data!$D52)))) -> Research | F52: =IF(OR(UPPER(TRIM(Raw_Data!E52))="COO", UPPER(TRIM(Raw_Data!E52))="HR", UPPER(TRIM(Raw_Data!E52))="CEO", UPPER(TRIM(Raw_Data!E52))="CFO", UPPER(TRIM(Raw_Data!E52))="CMO"), UPPER(TRIM(Raw_Data!E52)), PROPER(TRIM(CLEAN(Raw_Data!E52)))) -> Accountant | G52: =SUBSTITUTE(PROPER(TRIM(CLEAN(Raw_Data!$F52)))," ","-") -> Full-Time | H52: =PROPER(TRIM(CLEAN(Raw_Data!$G52))) -> Organic | I52: =TRIM(CLEAN(Raw_Data!H52)) -> 41667 | K52: =IF(Clean_Data!$I52="","Active","Exited") -> Active | L52: =IF(Clean_Data!$K52="","",DATEDIF(Clean_Data!$K52,TODAY(),"Y")) -> 53 | M52: =IF(Raw_Data!$L52="","",VALUE(SUBSTITUTE(SUBSTITUTE(TRIM(Raw_Data!$L52),"$",""),"k","000")))
A53: =IF(Raw_Data!$A53="","E"&TEXT(ROW()-1,"00000"),Raw_Data!$A53) -> E00052 | B53: E00052 | C53: =IF(OR(PROPER(TRIM(Raw_Data!$B53))="M",PROPER(TRIM(Raw_Data!$B53))="MALE"),"Male", IF(OR(PROPER(TRIM(Raw_Data!$B53))="F",PROPER(TRIM(Raw_Data!$B53))="FEMALE"),"Female","Unknown")) -> Female | D53: =IF(TRIM(CLEAN(Raw_Data!$C53))="", "Unknown", PROPER(TRIM(Raw_Data!$C53))) -> Austin | E53: =IF(TRIM(Raw_Data!$D53)="IT","IT",PROPER(TRIM(CLEAN(Raw_Data!$D53)))) -> Customer Service | F53: =IF(OR(UPPER(TRIM(Raw_Data!E53))="COO", UPPER(TRIM(Raw_Data!E53))="HR", UPPER(TRIM(Raw_Data!E53))="CEO", UPPER(TRIM(Raw_Data!E53))="CFO", UPPER(TRIM(Raw_Data!E53))="CMO"), UPPER(TRIM(Raw_Data!E53)), PROPER(TRIM(CLEAN(Raw_Data!E53)))) -> Sales Executive | G53: =SUBSTITUTE(PROPER(TRIM(CLEAN(Raw_Data!$F53)))," ","-") -> Hourly-Rate | H53: =PROPER(TRIM(CLEAN(Raw_Data!$G53))) -> Recruiting Agency | I53: =TRIM(CLEAN(Raw_Data!H53)) -> 42764 | K53: =IF(Clean_Data!$I53="","Active","Exited") -> Active | L53: =IF(Clean_Data!$K53="","",DATEDIF(Clean_Data!$K53,TODAY(),"Y")) -> 37 | M53: =IF(Raw_Data!$L53="","",VALUE(SUBSTITUTE(SUBSTITUTE(TRIM(Raw_Data!$L53),"$",""),"k","000"))) -> 59316
A54: =IF(Raw_Data!$A54="","E"&TEXT(ROW()-1,"00000"),Raw_Data!$A54) -> E00053 | B54: E00053 | C54: =IF(OR(PROPER(TRIM(Raw_Data!$B54))="M",PROPER(TRIM(Raw_Data!$B54))="MALE"),"Male", IF(OR(PROPER(TRIM(Raw_Data!$B54))="F",PROPER(TRIM(Raw_Data!$B54))="FEMALE"),"Female","Unknown")) -> Unknown | D54: =IF(TRIM(CLEAN(Raw_Data!$C54))="", "Unknown", PROPER(TRIM(Raw_Data!$C54))) -> New York | E54: =IF(TRIM(Raw_Data!$D54)="IT","IT",PROPER(TRIM(CLEAN(Raw_Data!$D54)))) -> Accounting And Finance | F54: Unknown | G54: =SUBSTITUTE(PROPER(TRIM(CLEAN(Raw_Data!$F54)))," ","-") -> Full-Time | H54: =PROPER(TRIM(CLEAN(Raw_Data!$G54))) -> Career Fairs | I54: =TRIM(CLEAN(Raw_Data!H54)) -> 41142 | K54: =IF(Clean_Data!$I54="","Active","Exited") -> Exited | L54: =IF(Clean_Data!$K54="","",DATEDIF(Clean_Data!$K54,TODAY(),"Y")) -> 60 | M54: =IF(Raw_Data!$L54="","",VALUE(SUBSTITUTE(SUBSTITUTE(TRIM(Raw_Data!$L54),"$",""),"k","000")))
A55: =IF(Raw_Data!$A55="","E"&TEXT(ROW()-1,"00000"),Raw_Data!$A55) -> E00054 | B55: E00054 | C55: =IF(OR(PROPER(TRIM(Raw_Data!$B55))="M",PROPER(TRIM(Raw_Data!$B55))="MALE"),"Male", IF(OR(PROPER(TRIM(Raw_Data!$B55))="F",PROPER(TRIM(Raw_Data!$B55))="FEMALE"),"Female","Unknown")) -> Unknown | D55: =IF(TRIM(CLEAN(Raw_Data!$C55))="", "Unknown", PROPER(TRIM(Raw_Data!$C55))) -> New York | E55: =IF(TRIM(Raw_Data!$D55)="IT","IT",PROPER(TRIM(CLEAN(Raw_Data!$D55)))) -> Marketing | F55: =IF(OR(UPPER(TRIM(Raw_Data!E55))="COO", UPPER(TRIM(Raw_Data!E55))="HR", UPPER(TRIM(Raw_Data!E55))="CEO", UPPER(TRIM(Raw_Data!E55))="CFO", UPPER(TRIM(Raw_Data!E55))="CMO"), UPPER(TRIM(Raw_Data!E55)), PROPER(TRIM(CLEAN(Raw_Data!E55)))) -> COO | G55: =SUBSTITUTE(PROPER(TRIM(CLEAN(Raw_Data!$F55)))," ","-") | H55: =PROPER(TRIM(CLEAN(Raw_Data!$G55))) -> Job Boards | I55: =TRIM(CLEAN(Raw_Data!H55)) -> 42341 | K55: =IF(Clean_Data!$I55="","Active","Exited") -> Active | L55: =IF(Clean_Data!$K55="","",DATEDIF(Clean_Data!$K55,TODAY(),"Y")) -> 64 | M55: =IF(Raw_Data!$L55="","",VALUE(SUBSTITUTE(SUBSTITUTE(TRIM(Raw_Data!$L55),"$",""),"k","000"))) -> 96000
A56: =IF(Raw_Data!$A56="","E"&TEXT(ROW()-1,"00000"),Raw_Data!$A56) -> E00055 | B56: E00055 | C56: =IF(OR(PROPER(TRIM(Raw_Data!$B56))="M",PROPER(TRIM(Raw_Data!$B56))="MALE"),"Male", IF(OR(PROPER(TRIM(Raw_Data!$B56))="F",PROPER(TRIM(Raw_Data!$B56))="FEMALE"),"Female","Unknown")) -> Male | D56: =IF(TRIM(CLEAN(Raw_Data!$C56))="", "Unknown", PROPER(TRIM(Raw_Data!$C56))) -> Unknown | E56: =IF(TRIM(Raw_Data!$D56)="IT","IT",PROPER(TRIM(CLEAN(Raw_Data!$D56)))) -> Production | F56: =IF(OR(UPPER(TRIM(Raw_Data!E56))="COO", UPPER(TRIM(Raw_Data!E56))="HR", UPPER(TRIM(Raw_Data!E56))="CEO", UPPER(TRIM(Raw_Data!E56))="CFO", UPPER(TRIM(Raw_Data!E56))="CMO"), UPPER(TRIM(Raw_Data!E56)), PROPER(TRIM(CLEAN(Raw_Data!E56)))) -> Analyst | G56: =SUBSTITUTE(PROPER(TRIM(CLEAN(Raw_Data!$F56)))," ","-") -> Full-Time | H56: =PROPER(TRIM(CLEAN(Raw_Data!$G56))) -> Recruiting Agency | I56: =TRIM(CLEAN(Raw_Data!H56)) -> N/A | K56: =IF(Clean_Data!$I56="","Active","Exited") -> Active | L56: =IF(Clean_Data!$K56="","",DATEDIF(Clean_Data!$K56,TODAY(),"Y")) -> 58 | M56: =IF(Raw_Data!$L56="","",VALUE(SUBSTITUTE(SUBSTITUTE(TRIM(Raw_Data!$L56),"$",""),"k","000"))) -> 55000
A57: =IF(Raw_Data!$A57="","E"&TEXT(ROW()-1,"00000"),Raw_Data!$A57) -> E00056 | B57: E00056 | C57: =IF(OR(PROPER(TRIM(Raw_Data!$B57))="M",PROPER(TRIM(Raw_Data!$B57))="MALE"),"Male", IF(OR(PROPER(TRIM(Raw_Data!$B57))="F",PROPER(TRIM(Raw_Data!$B57))="FEMALE"),"Female","Unknown")) -> Unknown | D57: =IF(TRIM(CLEAN(Raw_Data!$C57))="", "Unknown", PROPER(TRIM(Raw_Data!$C57))) -> New York | E57: =IF(TRIM(Raw_Data!$D57)="IT","IT",PROPER(TRIM(CLEAN(Raw_Data!$D57)))) -> Operations | F57: =IF(OR(UPPER(TRIM(Raw_Data!E57))="COO", UPPER(TRIM(Raw_Data!E57))="HR", UPPER(TRIM(Raw_Data!E57))="CEO", UPPER(TRIM(Raw_Data!E57))="CFO", UPPER(TRIM(Raw_Data!E57))="CMO"), UPPER(TRIM(Raw_Data!E57)), PROPER(TRIM(CLEAN(Raw_Data!E57)))) -> CEO | G57: =SUBSTITUTE(PROPER(TRIM(CLEAN(Raw_Data!$F57)))," ","-") -> Full-Time | H57: =PROPER(TRIM(CLEAN(Raw_Data!$G57))) -> Organic | I57: =TRIM(CLEAN(Raw_Data!H57)) -> 41601 | K57: =IF(Clean_Data!$I57="","Active","Exited") -> Active | L57: =IF(Clean_Data!$K57="","",DATEDIF(Clean_Data!$K57,TODAY(),"Y")) -> 57 | M57: =IF(Raw_Data!$L57="","",VALUE(SUBSTITUTE(SUBSTITUTE(TRIM(Raw_Data!$L57),"$",""),"k","000"))) -> 49776
A58: =IF(Raw_Data!$A58="","E"&TEXT(ROW()-1,"00000"),Raw_Data!$A58) -> E00057 | B58: E00057 | C58: =IF(OR(PROPER(TRIM(Raw_Data!$B58))="M",PROPER(TRIM(Raw_Data!$B58))="MALE"),"Male", IF(OR(PROPER(TRIM(Raw_Data!$B58))="F",PROPER(TRIM(Raw_Data!$B58))="FEMALE"),"Female","Unknown")) -> Male | D58: =IF(TRIM(CLEAN(Raw_Data!$C58))="", "Unknown", PROPER(TRIM(Raw_Data!$C58))) -> Unknown | E58: =IF(TRIM(Raw_Data!$D58)="IT","IT",PROPER(TRIM(CLEAN(Raw_Data!$D58)))) -> Logistics | F58: =IF(OR(UPPER(TRIM(Raw_Data!E58))="COO", UPPER(TRIM(Raw_Data!E58))="HR", UPPER(TRIM(Raw_Data!E58))="CEO", UPPER(TRIM(Raw_Data!E58))="CFO", UPPER(TRIM(Raw_Data!E58))="CMO"), UPPER(TRIM(Raw_Data!E58)), PROPER(TRIM(CLEAN(Raw_Data!E58)))) -> Copywriter | G58: =SUBSTITUTE(PROPER(TRIM(CLEAN(Raw_Data!$F58)))," ","-") -> Full-Time | H58: =PROPER(TRIM(CLEAN(Raw_Data!$G58))) | I58: =TRIM(CLEAN(Raw_Data!H58)) -> 42650 | K58: =IF(Clean_Data!$I58="","Active","Exited") -> Active | L58: =IF(Clean_Data!$K58="","",DATEDIF(Clean_Data!$K58,TODAY(),"Y")) -> 25 | M58: =IF(Raw_Data!$L58="","",VALUE(SUBSTITUTE(SUBSTITUTE(TRIM(Raw_Data!$L58),"$",""),"k","000"))) -> 97307
A59: =IF(Raw_Data!$A59="","E"&TEXT(ROW()-1,"00000"),Raw_Data!$A59) -> E00058 | B59: E00058 | C59: =IF(OR(PROPER(TRIM(Raw_Data!$B59))="M",PROPER(TRIM(Raw_Data!$B59))="MALE"),"Male", IF(OR(PROPER(TRIM(Raw_Data!$B59))="F",PROPER(TRIM(Raw_Data!$B59))="FEMALE"),"Female","Unknown")) -> Unknown | D59: =IF(TRIM(CLEAN(Raw_Data!$C59))="", "Unknown", PROPER(TRIM(Raw_Data!$C59))) -> Unknown | E59: =IF(TRIM(Raw_Data!$D59)="IT","IT",PROPER(TRIM(CLEAN(Raw_Data!$D59)))) -> Administrative | F59: =IF(OR(UPPER(TRIM(Raw_Data!E59))="COO", UPPER(TRIM(Raw_Data!E59))="HR", UPPER(TRIM(Raw_Data!E59))="CEO", UPPER(TRIM(Raw_Data!E59))="CFO", UPPER(TRIM(Raw_Data!E59))="CMO"), UPPER(TRIM(Raw_Data!E59)), PROPER(TRIM(CLEAN(Raw_Data!E59)))) -> Marketing Manager | G59: =SUBSTITUTE(PROPER(TRIM(CLEAN(Raw_Data!$F59)))," ","-") | H59: =PROPER(TRIM(CLEAN(Raw_Data!$G59))) -> Career Fairs | I59: =TRIM(CLEAN(Raw_Data!H59)) -> 40081 | K59: =IF(Clean_Data!$I59="","Active","Exited") -> Active | L59: =IF(Clean_Data!$K59="","",DATEDIF(Clean_Data!$K59,TODAY(),"Y")) -> 51 | M59: =IF(Raw_Data!$L59="","",VALUE(SUBSTITUTE(SUBSTITUTE(TRIM(Raw_Data!$L59),"$",""),"k","000"))) -> 118424
A60: =IF(Raw_Data!$A60="","E"&TEXT(ROW()-1,"00000"),Raw_Data!$A60) -> E00059 | B60: E00059 | C60: =IF(OR(PROPER(TRIM(Raw_Data!$B60))="M",PROPER(TRIM(Raw_Data!$B60))="MALE"),"Male", IF(OR(PROPER(TRIM(Raw_Data!$B60))="F",PROPER(TRIM(Raw_Data!$B60))="FEMALE"),"Female","Unknown")) -> Female | D60: =IF(TRIM(CLEAN(Raw_Data!$C60))="", "Unknown", PROPER(TRIM(Raw_Data!$C60))) -> New York | E60: =IF(TRIM(Raw_Data!$D60)="IT","IT",PROPER(TRIM(CLEAN(Raw_Data!$D60)))) -> Operations | F60: =IF(OR(UPPER(TRIM(Raw_Data!E60))="COO", UPPER(TRIM(Raw_Data!E60))="HR", UPPER(TRIM(Raw_Data!E60))="CEO", UPPER(TRIM(Raw_Data!E60))="CFO", UPPER(TRIM(Raw_Data!E60))="CMO"), UPPER(TRIM(Raw_Data!E60)), PROPER(TRIM(CLEAN(Raw_Data!E60)))) -> COO | G60: =SUBSTITUTE(PROPER(TRIM(CLEAN(Raw_Data!$F60)))," ","-") -> Hourly-Rate | H60: =PROPER(TRIM(CLEAN(Raw_Data!$G60))) -> Career Fairs | I60: =TRIM(CLEAN(Raw_Data!H60)) -> 43392 | K60: =IF(Clean_Data!$I60="","Active","Exited") -> Active | L60: =IF(Clean_Data!$K60="","",DATEDIF(Clean_Data!$K60,TODAY(),"Y")) -> 48 | M60: =IF(Raw_Data!$L60="","",VALUE(SUBSTITUTE(SUBSTITUTE(TRIM(Raw_Data!$L60),"$",""),"k","000"))) -> 57000
A61: =IF(Raw_Data!$A61="","E"&TEXT(ROW()-1,"00000"),Raw_Data!$A61) -> E00060 | B61: E00060 | C61: =IF(OR(PROPER(TRIM(Raw_Data!$B61))="M",PROPER(TRIM(Raw_Data!$B61))="MALE"),"Male", IF(OR(PROPER(TRIM(Raw_Data!$B61))="F",PROPER(TRIM(Raw_Data!$B61))="FEMALE"),"Female","Unknown")) -> Female | D61: =IF(TRIM(CLEAN(Raw_Data!$C61))="", "Unknown", PROPER(TRIM(Raw_Data!$C61))) -> Miami | E61: =IF(TRIM(Raw_Data!$D61)="IT","IT",PROPER(TRIM(CLEAN(Raw_Data!$D61)))) -> Research | F61: =IF(OR(UPPER(TRIM(Raw_Data!E61))="COO", UPPER(TRIM(Raw_Data!E61))="HR", UPPER(TRIM(Raw_Data!E61))="CEO", UPPER(TRIM(Raw_Data!E61))="CFO", UPPER(TRIM(Raw_Data!E61))="CMO"), UPPER(TRIM(Raw_Data!E61)), PROPER(TRIM(CLEAN(Raw_Data!E61)))) -> Developer | G61: =SUBSTITUTE(PROPER(TRIM(CLEAN(Raw_Data!$F61)))," ","-") -> Hourly-Rate | H61: =PROPER(TRIM(CLEAN(Raw_Data!$G61))) -> Organic | I61: =TRIM(CLEAN(Raw_Data!H61)) -> 40377 | K61: =IF(Clean_Data!$I61="","Active","Exited") -> Active | L61: =IF(Clean_Data!$K61="","",DATEDIF(Clean_Data!$K61,TODAY(),"Y")) -> 53 | M61: =IF(Raw_Data!$L61="","",VALUE(SUBSTITUTE(SUBSTITUTE(TRIM(Raw_Data!$L61),"$",""),"k","000"))) -> 63934
A62: =IF(Raw_Data!$A62="","E"&TEXT(ROW()-1,"00000"),Raw_Data!$A62) -> E00061 | B62: E00061 | C62: =IF(OR(PROPER(TRIM(Raw_Data!$B62))="M",PROPER(TRIM(Raw_Data!$B62))="MALE"),"Male", IF(OR(PROPER(TRIM(Raw_Data!$B62))="F",PROPER(TRIM(Raw_Data!$B62))="FEMALE"),"Female","Unknown")) -> Male | D62: =IF(TRIM(CLEAN(Raw_Data!$C62))="", "Unknown", PROPER(TRIM(Raw_Data!$C62))) -> San Diego | E62: =IF(TRIM(Raw_Data!$D62)="IT","IT",PROPER(TRIM(CLEAN(Raw_Data!$D62)))) -> Logistics | F62: =IF(OR(UPPER(TRIM(Raw_Data!E62))="COO", UPPER(TRIM(Raw_Data!E62))="HR", UPPER(TRIM(Raw_Data!E62))="CEO", UPPER(TRIM(Raw_Data!E62))="CFO", UPPER(TRIM(Raw_Data!E62))="CMO"), UPPER(TRIM(Raw_Data!E62)), PROPER(TRIM(CLEAN(Raw_Data!E62)))) -> Engineer | G62: =SUBSTITUTE(PROPER(TRIM(CLEAN(Raw_Data!$F62)))," ","-") | H62: =PROPER(TRIM(CLEAN(Raw_Data!$G62))) -> Career Fairs | I62: =TRIM(CLEAN(Raw_Data!H62)) -> 43707 | K62: =IF(Clean_Data!$I62="","Active","Exited") -> Exited | L62: =IF(Clean_Data!$K62="","",DATEDIF(Clean_Data!$K62,TODAY(),"Y")) -> 43 | M62: =IF(Raw_Data!$L62="","",VALUE(SUBSTITUTE(SUBSTITUTE(TRIM(Raw_Data!$L62),"$",""),"k","000"))) -> 82000
A63: =IF(Raw_Data!$A63="","E"&TEXT(ROW()-1,"00000"),Raw_Data!$A63) -> E00062 | B63: E00062 | C63: =IF(OR(PROPER(TRIM(Raw_Data!$B63))="M",PROPER(TRIM(Raw_Data!$B63))="MALE"),"Male", IF(OR(PROPER(TRIM(Raw_Data!$B63))="F",PROPER(TRIM(Raw_Data!$B63))="FEMALE"),"Female","Unknown")) -> Male | D63: =IF(TRIM(CLEAN(Raw_Data!$C63))="", "Unknown", PROPER(TRIM(Raw_Data!$C63))) -> Unknown | E63: =IF(TRIM(Raw_Data!$D63)="IT","IT",PROPER(TRIM(CLEAN(Raw_Data!$D63)))) -> Customer Service | F63: =IF(OR(UPPER(TRIM(Raw_Data!E63))="COO", UPPER(TRIM(Raw_Data!E63))="HR", UPPER(TRIM(Raw_Data!E63))="CEO", UPPER(TRIM(Raw_Data!E63))="CFO", UPPER(TRIM(Raw_Data!E63))="CMO"), UPPER(TRIM(Raw_Data!E63)), PROPER(TRIM(CLEAN(Raw_Data!E63)))) -> Engineer | G63: =SUBSTITUTE(PROPER(TRIM(CLEAN(Raw_Data!$F63)))," ","-") -> Part-Time | H63: =PROPER(TRIM(CLEAN(Raw_Data!$G63))) -> Job Boards | I63: =TRIM(CLEAN(Raw_Data!H63)) -> N/A | K63: =IF(Clean_Data!$I63="","Active","Exited") -> Active | L63: =IF(Clean_Data!$K63="","",DATEDIF(Clean_Data!$K63,TODAY(),"Y")) -> 59 | M63: =IF(Raw_Data!$L63="","",VALUE(SUBSTITUTE(SUBSTITUTE(TRIM(Raw_Data!$L63),"$",""),"k","000")))
A64: =IF(Raw_Data!$A64="","E"&TEXT(ROW()-1,"00000"),Raw_Data!$A64) -> E00063 | B64: E00063 | C64: =IF(OR(PROPER(TRIM(Raw_Data!$B64))="M",PROPER(TRIM(Raw_Data!$B64))="MALE"),"Male", IF(OR(PROPER(TRIM(Raw_Data!$B64))="F",PROPER(TRIM(Raw_Data!$B64))="FEMALE"),"Female","Unknown")) -> Female | D64: =IF(TRIM(CLEAN(Raw_Data!$C64))="", "Unknown", PROPER(TRIM(Raw_Data!$C64))) -> Unknown | E64: =IF(TRIM(Raw_Data!$D64)="IT","IT",PROPER(TRIM(CLEAN(Raw_Data!$D64)))) -> Marketing | F64: =IF(OR(UPPER(TRIM(Raw_Data!E64))="COO", UPPER(TRIM(Raw_Data!E64))="HR", UPPER(TRIM(Raw_Data!E64))="CEO", UPPER(TRIM(Raw_Data!E64))="CFO", UPPER(TRIM(Raw_Data!E64))="CMO"), UPPER(TRIM(Raw_Data!E64)), PROPER(TRIM(CLEAN(Raw_Data!E64)))) -> CMO | G64: =SUBSTITUTE(PROPER(TRIM(CLEAN(Raw_Data!$F64)))," ","-") -> Part-Time | H64: =PROPER(TRIM(CLEAN(Raw_Data!$G64))) -> Internal Referral | I64: =TRIM(CLEAN(Raw_Data!H64)) -> 41950 | K64: =IF(Clean_Data!$I64="","Active","Exited") -> Active | L64: =IF(Clean_Data!$K64="","",DATEDIF(Clean_Data!$K64,TODAY(),"Y")) -> 56 | M64: =IF(Raw_Data!$L64="","",VALUE(SUBSTITUTE(SUBSTITUTE(TRIM(Raw_Data!$L64),"$",""),"k","000"))) -> 114451
A65: =IF(Raw_Data!$A65="","E"&TEXT(ROW()-1,"00000"),Raw_Data!$A65) -> E00064 | B65: E00064 | C65: =IF(OR(PROPER(TRIM(Raw_Data!$B65))="M",PROPER(TRIM(Raw_Data!$B65))="MALE"),"Male", IF(OR(PROPER(TRIM(Raw_Data!$B65))="F",PROPER(TRIM(Raw_Data!$B65))="FEMALE"),"Female","Unknown")) -> Unknown | D65: =IF(TRIM(CLEAN(Raw_Data!$C65))="", "Unknown", PROPER(TRIM(Raw_Data!$C65))) -> Seattle | E65: =IF(TRIM(Raw_Data!$D65)="IT","IT",PROPER(TRIM(CLEAN(Raw_Data!$D65)))) -> IT | F65: =IF(OR(UPPER(TRIM(Raw_Data!E65))="COO", UPPER(TRIM(Raw_Data!E65))="HR", UPPER(TRIM(Raw_Data!E65))="CEO", UPPER(TRIM(Raw_Data!E65))="CFO", UPPER(TRIM(Raw_Data!E65))="CMO"), UPPER(TRIM(Raw_Data!E65)), PROPER(TRIM(CLEAN(Raw_Data!E65)))) -> Sales Executive | G65: =SUBSTITUTE(PROPER(TRIM(CLEAN(Raw_Data!$F65)))," ","-") -> Part-Time | H65: =PROPER(TRIM(CLEAN(Raw_Data!$G65))) | I65: =TRIM(CLEAN(Raw_Data!H65)) -> 40802 | K65: =IF(Clean_Data!$I65="","Active","Exited") -> Exited | L65: =IF(Clean_Data!$K65="","",DATEDIF(Clean_Data!$K65,TODAY(),"Y")) -> 42 | M65: =IF(Raw_Data!$L65="","",VALUE(SUBSTITUTE(SUBSTITUTE(TRIM(Raw_Data!$L65),"$",""),"k","000"))) -> 65000
A66: =IF(Raw_Data!$A66="","E"&TEXT(ROW()-1,"00000"),Raw_Data!$A66) -> E00065 | B66: E00065 | C66: =IF(OR(PROPER(TRIM(Raw_Data!$B66))="M",PROPER(TRIM(Raw_Data!$B66))="MALE"),"Male", IF(OR(PROPER(TRIM(Raw_Data!$B66))="F",PROPER(TRIM(Raw_Data!$B66))="FEMALE"),"Female","Unknown")) -> Female | D66: =IF(TRIM(CLEAN(Raw_Data!$C66))="", "Unknown", PROPER(TRIM(Raw_Data!$C66))) -> New York | E66: =IF(TRIM(Raw_Data!$D66)="IT","IT",PROPER(TRIM(CLEAN(Raw_Data!$D66)))) -> Human Resources | F66: =UPPER(LEFT(Raw_Data!E66,2))&MID(PROPER(Raw_Data!E66),3,LEN(Raw_Data!E66)) -> HR Manager | G66: =SUBSTITUTE(PROPER(TRIM(CLEAN(Raw_Data!$F66)))," ","-") -> Part-Time | H66: =PROPER(TRIM(CLEAN(Raw_Data!$G66))) -> Internal Referral | I66: =TRIM(CLEAN(Raw_Data!H66)) -> 43374 | K66: =IF(Clean_Data!$I66="","Active","Exited") -> Active | L66: =IF(Clean_Data!$K66="","",DATEDIF(Clean_Data!$K66,TODAY(),"Y")) -> 24 | M66: =IF(Raw_Data!$L66="","",VALUE(SUBSTITUTE(SUBSTITUTE(TRIM(Raw_Data!$L66),"$",""),"k","000"))) -> 73503
A67: =IF(Raw_Data!$A67="","E"&TEXT(ROW()-1,"00000"),Raw_Data!$A67) -> E00066 | B67: E00066 | C67: =IF(OR(PROPER(TRIM(Raw_Data!$B67))="M",PROPER(TRIM(Raw_Data!$B67))="MALE"),"Male", IF(OR(PROPER(TRIM(Raw_Data!$B67))="F",PROPER(TRIM(Raw_Data!$B67))="FEMALE"),"Female","Unknown")) -> Unknown | D67: =IF(TRIM(CLEAN(Raw_Data!$C67))="", "Unknown", PROPER(TRIM(Raw_Data!$C67))) -> Austin | E67: =IF(TRIM(Raw_Data!$D67)="IT","IT",PROPER(TRIM(CLEAN(Raw_Data!$D67)))) -> Marketing | F67: =IF(OR(UPPER(TRIM(Raw_Data!E67))="COO", UPPER(TRIM(Raw_Data!E67))="HR", UPPER(TRIM(Raw_Data!E67))="CEO", UPPER(TRIM(Raw_Data!E67))="CFO", UPPER(TRIM(Raw_Data!E67))="CMO"), UPPER(TRIM(Raw_Data!E67)), PROPER(TRIM(CLEAN(Raw_Data!E67)))) -> Developer | G67: =SUBSTITUTE(PROPER(TRIM(CLEAN(Raw_Data!$F67)))," ","-") -> Full-Time | H67: =PROPER(TRIM(CLEAN(Raw_Data!$G67))) | I67: =TRIM(CLEAN(Raw_Data!H67)) -> 40217 | K67: =IF(Clean_Data!$I67="","Active","Exited") -> Active | L67: =IF(Clean_Data!$K67="","",DATEDIF(Clean_Data!$K67,TODAY(),"Y")) -> 23 | M67: =IF(Raw_Data!$L67="","",VALUE(SUBSTITUTE(SUBSTITUTE(TRIM(Raw_Data!$L67),"$",""),"k","000")))
A68: =IF(Raw_Data!$A68="","E"&TEXT(ROW()-1,"00000"),Raw_Data!$A68) -> E00067 | B68: E00067 | C68: =IF(OR(PROPER(TRIM(Raw_Data!$B68))="M",PROPER(TRIM(Raw_Data!$B68))="MALE"),"Male", IF(OR(PROPER(TRIM(Raw_Data!$B68))="F",PROPER(TRIM(Raw_Data!$B68))="FEMALE"),"Female","Unknown")) -> Female | D68: =IF(TRIM(CLEAN(Raw_Data!$C68))="", "Unknown", PROPER(TRIM(Raw_Data!$C68))) -> Miami | E68: =IF(TRIM(Raw_Data!$D68)="IT","IT",PROPER(TRIM(CLEAN(Raw_Data!$D68)))) -> IT | F68: =IF(OR(UPPER(TRIM(Raw_Data!E68))="COO", UPPER(TRIM(Raw_Data!E68))="HR", UPPER(TRIM(Raw_Data!E68))="CEO", UPPER(TRIM(Raw_Data!E68))="CFO", UPPER(TRIM(Raw_Data!E68))="CMO"), UPPER(TRIM(Raw_Data!E68)), PROPER(TRIM(CLEAN(Raw_Data!E68)))) -> Designer | G68: =SUBSTITUTE(PROPER(TRIM(CLEAN(Raw_Data!$F68)))," ","-") -> Hourly-Rate | H68: =PROPER(TRIM(CLEAN(Raw_Data!$G68))) -> Career Fairs | I68: =TRIM(CLEAN(Raw_Data!H68)) -> 41147 | K68: =IF(Clean_Data!$I68="","Active","Exited") -> Exited | L68: =IF(Clean_Data!$K68="","",DATEDIF(Clean_Data!$K68,TODAY(),"Y")) -> 47 | M68: =IF(Raw_Data!$L68="","",VALUE(SUBSTITUTE(SUBSTITUTE(TRIM(Raw_Data!$L68),"$",""),"k","000"))) -> 96094
A69: =IF(Raw_Data!$A69="","E"&TEXT(ROW()-1,"00000"),Raw_Data!$A69) -> E00068 | B69: E00068 | C69: =IF(OR(PROPER(TRIM(Raw_Data!$B69))="M",PROPER(TRIM(Raw_Data!$B69))="MALE"),"Male", IF(OR(PROPER(TRIM(Raw_Data!$B69))="F",PROPER(TRIM(Raw_Data!$B69))="FEMALE"),"Female","Unknown")) -> Female | D69: =IF(TRIM(CLEAN(Raw_Data!$C69))="", "Unknown", PROPER(TRIM(Raw_Data!$C69))) -> Unknown | E69: =IF(TRIM(Raw_Data!$D69)="IT","IT",PROPER(TRIM(CLEAN(Raw_Data!$D69)))) -> Human Resources | F69: =IF(OR(UPPER(TRIM(Raw_Data!E69))="COO", UPPER(TRIM(Raw_Data!E69))="HR", UPPER(TRIM(Raw_Data!E69))="CEO", UPPER(TRIM(Raw_Data!E69))="CFO", UPPER(TRIM(Raw_Data!E69))="CMO"), UPPER(TRIM(Raw_Data!E69)), PROPER(TRIM(CLEAN(Raw_Data!E69)))) -> CMO | G69: =SUBSTITUTE(PROPER(TRIM(CLEAN(Raw_Data!$F69)))," ","-") -> Hourly-Rate | H69: =PROPER(TRIM(CLEAN(Raw_Data!$G69))) -> Internal Referral | I69: =TRIM(CLEAN(Raw_Data!H69)) -> 42094 | K69: =IF(Clean_Data!$I69="","Active","Exited") -> Exited | L69: =IF(Clean_Data!$K69="","",DATEDIF(Clean_Data!$K69,TODAY(),"Y")) | M69: =IF(Raw_Data!$L69="","",VALUE(SUBSTITUTE(SUBSTITUTE(TRIM(Raw_Data!$L69),"$",""),"k","000"))) -> 119000
A70: =IF(Raw_Data!$A70="","E"&TEXT(ROW()-1,"00000"),Raw_Data!$A70) -> E00069 | B70: E00069 | C70: =IF(OR(PROPER(TRIM(Raw_Data!$B70))="M",PROPER(TRIM(Raw_Data!$B70))="MALE"),"Male", IF(OR(PROPER(TRIM(Raw_Data!$B70))="F",PROPER(TRIM(Raw_Data!$B70))="FEMALE"),"Female","Unknown")) -> Male | D70: =IF(TRIM(CLEAN(Raw_Data!$C70))="", "Unknown", PROPER(TRIM(Raw_Data!$C70))) -> Austin | E70: =IF(TRIM(Raw_Data!$D70)="IT","IT",PROPER(TRIM(CLEAN(Raw_Data!$D70)))) -> Customer Service | F70: =IF(OR(UPPER(TRIM(Raw_Data!E70))="COO", UPPER(TRIM(Raw_Data!E70))="HR", UPPER(TRIM(Raw_Data!E70))="CEO", UPPER(TRIM(Raw_Data!E70))="CFO", UPPER(TRIM(Raw_Data!E70))="CMO"), UPPER(TRIM(Raw_Data!E70)), PROPER(TRIM(CLEAN(Raw_Data!E70)))) -> COO | G70: =SUBSTITUTE(PROPER(TRIM(CLEAN(Raw_Data!$F70)))," ","-") | H70: =PROPER(TRIM(CLEAN(Raw_Data!$G70))) -> Career Fairs | I70: =TRIM(CLEAN(Raw_Data!H70)) -> 40698 | K70: =IF(Clean_Data!$I70="","Active","Exited") -> Active | L70: =IF(Clean_Data!$K70="","",DATEDIF(Clean_Data!$K70,TODAY(),"Y")) -> 40 | M70: =IF(Raw_Data!$L70="","",VALUE(SUBSTITUTE(SUBSTITUTE(TRIM(Raw_Data!$L70),"$",""),"k","000"))) -> 86503
A71: =IF(Raw_Data!$A71="","E"&TEXT(ROW()-1,"00000"),Raw_Data!$A71) -> E00070 | B71: E00070 | C71: =IF(OR(PROPER(TRIM(Raw_Data!$B71))="M",PROPER(TRIM(Raw_Data!$B71))="MALE"),"Male", IF(OR(PROPER(TRIM(Raw_Data!$B71))="F",PROPER(TRIM(Raw_Data!$B71))="FEMALE"),"Female","Unknown")) -> Unknown | D71: =IF(TRIM(CLEAN(Raw_Data!$C71))="", "Unknown", PROPER(TRIM(Raw_Data!$C71))) -> New York | E71: =IF(TRIM(Raw_Data!$D71)="IT","IT",PROPER(TRIM(CLEAN(Raw_Data!$D71)))) -> IT | F71: =IF(OR(UPPER(TRIM(Raw_Data!E71))="COO", UPPER(TRIM(Raw_Data!E71))="HR", UPPER(TRIM(Raw_Data!E71))="CEO", UPPER(TRIM(Raw_Data!E71))="CFO", UPPER(TRIM(Raw_Data!E71))="CMO"), UPPER(TRIM(Raw_Data!E71)), PROPER(TRIM(CLEAN(Raw_Data!E71)))) -> Developer | G71: =SUBSTITUTE(PROPER(TRIM(CLEAN(Raw_Data!$F71)))," ","-") -> Part-Time | H71: =PROPER(TRIM(CLEAN(Raw_Data!$G71))) -> Career Fairs | I71: =TRIM(CLEAN(Raw_Data!H71)) -> 40725 | K71: =IF(Clean_Data!$I71="","Active","Exited") -> Active | L71: =IF(Clean_Data!$K71="","",DATEDIF(Clean_Data!$K71,TODAY(),"Y")) -> 32 | M71: =IF(Raw_Data!$L71="","",VALUE(SUBSTITUTE(SUBSTITUTE(TRIM(Raw_Data!$L71),"$",""),"k","000")))
A72: =IF(Raw_Data!$A72="","E"&TEXT(ROW()-1,"00000"),Raw_Data!$A72) -> E00071 | B72: E00071 | C72: =IF(OR(PROPER(TRIM(Raw_Data!$B72))="M",PROPER(TRIM(Raw_Data!$B72))="MALE"),"Male", IF(OR(PROPER(TRIM(Raw_Data!$B72))="F",PROPER(TRIM(Raw_Data!$B72))="FEMALE"),"Female","Unknown")) -> Female | D72: =IF(TRIM(CLEAN(Raw_Data!$C72))="", "Unknown", PROPER(TRIM(Raw_Data!$C72))) -> New York | E72: =IF(TRIM(Raw_Data!$D72)="IT","IT",PROPER(TRIM(CLEAN(Raw_Data!$D72)))) -> Human Resources | F72: =IF(OR(UPPER(TRIM(Raw_Data!E72))="COO", UPPER(TRIM(Raw_Data!E72))="HR", UPPER(TRIM(Raw_Data!E72))="CEO", UPPER(TRIM(Raw_Data!E72))="CFO", UPPER(TRIM(Raw_Data!E72))="CMO"), UPPER(TRIM(Raw_Data!E72)), PROPER(TRIM(CLEAN(Raw_Data!E72)))) -> Developer | G72: =SUBSTITUTE(PROPER(TRIM(CLEAN(Raw_Data!$F72)))," ","-") -> Part-Time | H72: =PROPER(TRIM(CLEAN(Raw_Data!$G72))) -> Online Portal | I72: =TRIM(CLEAN(Raw_Data!H72)) -> 40668 | K72: =IF(Clean_Data!$I72="","Active","Exited") -> Exited | L72: =IF(Clean_Data!$K72="","",DATEDIF(Clean_Data!$K72,TODAY(),"Y")) -> 42 | M72: =IF(Raw_Data!$L72="","",VALUE(SUBSTITUTE(SUBSTITUTE(TRIM(Raw_Data!$L72),"$",""),"k","000"))) -> 48000
A73: =IF(Raw_Data!$A73="","E"&TEXT(ROW()-1,"00000"),Raw_Data!$A73) -> E00072 | B73: E00072 | C73: =IF(OR(PROPER(TRIM(Raw_Data!$B73))="M",PROPER(TRIM(Raw_Data!$B73))="MALE"),"Male", IF(OR(PROPER(TRIM(Raw_Data!$B73))="F",PROPER(TRIM(Raw_Data!$B73))="FEMALE"),"Female","Unknown")) -> Male | D73: =IF(TRIM(CLEAN(Raw_Data!$C73))="", "Unknown", PROPER(TRIM(Raw_Data!$C73))) -> Miami | E73: =IF(TRIM(Raw_Data!$D73)="IT","IT",PROPER(TRIM(CLEAN(Raw_Data!$D73)))) -> Administrative | F73: =IF(OR(UPPER(TRIM(Raw_Data!E73))="COO", UPPER(TRIM(Raw_Data!E73))="HR", UPPER(TRIM(Raw_Data!E73))="CEO", UPPER(TRIM(Raw_Data!E73))="CFO", UPPER(TRIM(Raw_Data!E73))="CMO"), UPPER(TRIM(Raw_Data!E73)), PROPER(TRIM(CLEAN(Raw_Data!E73)))) -> CMO | G73: =SUBSTITUTE(PROPER(TRIM(CLEAN(Raw_Data!$F73)))," ","-") -> Full-Time | H73: =PROPER(TRIM(CLEAN(Raw_Data!$G73))) -> Career Fairs | I73: =TRIM(CLEAN(Raw_Data!H73)) -> 39987 | K73: =IF(Clean_Data!$I73="","Active","Exited") -> Active | L73: =IF(Clean_Data!$K73="","",DATEDIF(Clean_Data!$K73,TODAY(),"Y")) -> 63 | M73: =IF(Raw_Data!$L73="","",VALUE(SUBSTITUTE(SUBSTITUTE(TRIM(Raw_Data!$L73),"$",""),"k","000"))) -> 89640
A74: =IF(Raw_Data!$A74="","E"&TEXT(ROW()-1,"00000"),Raw_Data!$A74) -> E00073 | B74: E00073 | C74: =IF(OR(PROPER(TRIM(Raw_Data!$B74))="M",PROPER(TRIM(Raw_Data!$B74))="MALE"),"Male", IF(OR(PROPER(TRIM(Raw_Data!$B74))="F",PROPER(TRIM(Raw_Data!$B74))="FEMALE"),"Female","Unknown")) -> Unknown | D74: =IF(TRIM(CLEAN(Raw_Data!$C74))="", "Unknown", PROPER(TRIM(Raw_Data!$C74))) -> Austin | E74: =IF(TRIM(Raw_Data!$D74)="IT","IT",PROPER(TRIM(CLEAN(Raw_Data!$D74)))) -> Research | F74: =IF(OR(UPPER(TRIM(Raw_Data!E74))="COO", UPPER(TRIM(Raw_Data!E74))="HR", UPPER(TRIM(Raw_Data!E74))="CEO", UPPER(TRIM(Raw_Data!E74))="CFO", UPPER(TRIM(Raw_Data!E74))="CMO"), UPPER(TRIM(Raw_Data!E74)), PROPER(TRIM(CLEAN(Raw_Data!E74)))) -> Copywriter | G74: =SUBSTITUTE(PROPER(TRIM(CLEAN(Raw_Data!$F74)))," ","-") -> Hourly-Rate | H74: =PROPER(TRIM(CLEAN(Raw_Data!$G74))) -> Organic | I74: =TRIM(CLEAN(Raw_Data!H74)) -> 43027 | K74: =IF(Clean_Data!$I74="","Active","Exited") -> Active | L74: =IF(Clean_Data!$K74="","",DATEDIF(Clean_Data!$K74,TODAY(),"Y")) -> 32 | M74: =IF(Raw_Data!$L74="","",VALUE(SUBSTITUTE(SUBSTITUTE(TRIM(Raw_Data!$L74),"$",""),"k","000"))) -> 104415
A75: =IF(Raw_Data!$A75="","E"&TEXT(ROW()-1,"00000"),Raw_Data!$A75) -> E00074 | B75: E00074 | C75: =IF(OR(PROPER(TRIM(Raw_Data!$B75))="M",PROPER(TRIM(Raw_Data!$B75))="MALE"),"Male", IF(OR(PROPER(TRIM(Raw_Data!$B75))="F",PROPER(TRIM(Raw_Data!$B75))="FEMALE"),"Female","Unknown")) -> Female | D75: =IF(TRIM(CLEAN(Raw_Data!$C75))="", "Unknown", PROPER(TRIM(Raw_Data!$C75))) -> New York | E75: =IF(TRIM(Raw_Data!$D75)="IT","IT",PROPER(TRIM(CLEAN(Raw_Data!$D75)))) -> Marketing | F75: =IF(OR(UPPER(TRIM(Raw_Data!E75))="COO", UPPER(TRIM(Raw_Data!E75))="HR", UPPER(TRIM(Raw_Data!E75))="CEO", UPPER(TRIM(Raw_Data!E75))="CFO", UPPER(TRIM(Raw_Data!E75))="CMO"), UPPER(TRIM(Raw_Data!E75)), PROPER(TRIM(CLEAN(Raw_Data!E75)))) -> Marketing Manager | G75: =SUBSTITUTE(PROPER(TRIM(CLEAN(Raw_Data!$F75)))," ","-") | H75: =PROPER(TRIM(CLEAN(Raw_Data!$G75))) | I75: =TRIM(CLEAN(Raw_Data!H75)) -> 43264 | K75: =IF(Clean_Data!$I75="","Active","Exited") -> Exited | L75: =IF(Clean_Data!$K75="","",DATEDIF(Clean_Data!$K75,TODAY(),"Y")) -> 45 | M75: =IF(Raw_Data!$L75="","",VALUE(SUBSTITUTE(SUBSTITUTE(TRIM(Raw_Data!$L75),"$",""),"k","000")))
A76: =IF(Raw_Data!$A76="","E"&TEXT(ROW()-1,"00000"),Raw_Data!$A76) -> E00075 | B76: E00075 | C76: =IF(OR(PROPER(TRIM(Raw_Data!$B76))="M",PROPER(TRIM(Raw_Data!$B76))="MALE"),"Male", IF(OR(PROPER(TRIM(Raw_Data!$B76))="F",PROPER(TRIM(Raw_Data!$B76))="FEMALE"),"Female","Unknown")) -> Unknown | D76: =IF(TRIM(CLEAN(Raw_Data!$C76))="", "Unknown", PROPER(TRIM(Raw_Data!$C76))) -> New York | E76: =IF(TRIM(Raw_Data!$D76)="IT","IT",PROPER(TRIM(CLEAN(Raw_Data!$D76)))) -> Operations | F76: =IF(OR(UPPER(TRIM(Raw_Data!E76))="COO", UPPER(TRIM(Raw_Data!E76))="HR", UPPER(TRIM(Raw_Data!E76))="CEO", UPPER(TRIM(Raw_Data!E76))="CFO", UPPER(TRIM(Raw_Data!E76))="CMO"), UPPER(TRIM(Raw_Data!E76)), PROPER(TRIM(CLEAN(Raw_Data!E76)))) -> Accountant | G76: =SUBSTITUTE(PROPER(TRIM(CLEAN(Raw_Data!$F76)))," ","-") -> Hourly-Rate | H76: =PROPER(TRIM(CLEAN(Raw_Data!$G76))) -> Organic | I76: =TRIM(CLEAN(Raw_Data!H76)) -> 42783 | K76: =IF(Clean_Data!$I76="","Active","Exited") -> Exited | L76: =IF(Clean_Data!$K76="","",DATEDIF(Clean_Data!$K76,TODAY(),"Y")) -> 52 | M76: =IF(Raw_Data!$L76="","",VALUE(SUBSTITUTE(SUBSTITUTE(TRIM(Raw_Data!$L76),"$",""),"k","000")))
A77: =IF(Raw_Data!$A77="","E"&TEXT(ROW()-1,"00000"),Raw_Data!$A77) -> E00076 | B77: E00076 | C77: =IF(OR(PROPER(TRIM(Raw_Data!$B77))="M",PROPER(TRIM(Raw_Data!$B77))="MALE"),"Male", IF(OR(PROPER(TRIM(Raw_Data!$B77))="F",PROPER(TRIM(Raw_Data!$B77))="FEMALE"),"Female","Unknown")) -> Unknown | D77: =IF(TRIM(CLEAN(Raw_Data!$C77))="", "Unknown", PROPER(TRIM(Raw_Data!$C77))) -> Austin | E77: =IF(TRIM(Raw_Data!$D77)="IT","IT",PROPER(TRIM(CLEAN(Raw_Data!$D77)))) -> Research | F77: =IF(OR(UPPER(TRIM(Raw_Data!E77))="COO", UPPER(TRIM(Raw_Data!E77))="HR", UPPER(TRIM(Raw_Data!E77))="CEO", UPPER(TRIM(Raw_Data!E77))="CFO", UPPER(TRIM(Raw_Data!E77))="CMO"), UPPER(TRIM(Raw_Data!E77)), PROPER(TRIM(CLEAN(Raw_Data!E77)))) -> Sales Executive | G77: =SUBSTITUTE(PROPER(TRIM(CLEAN(Raw_Data!$F77)))," ","-") | H77: =PROPER(TRIM(CLEAN(Raw_Data!$G77))) -> Online Portal | I77: =TRIM(CLEAN(Raw_Data!H77)) -> 40610 | K77: =IF(Clean_Data!$I77="","Active","Exited") -> Active | L77: =IF(Clean_Data!$K77="","",DATEDIF(Clean_Data!$K77,TODAY(),"Y")) -> 42 | M77: =IF(Raw_Data!$L77="","",VALUE(SUBSTITUTE(SUBSTITUTE(TRIM(Raw_Data!$L77),"$",""),"k","000"))) -> 73842
A78: =IF(Raw_Data!$A78="","E"&TEXT(ROW()-1,"00000"),Raw_Data!$A78) -> E00077 | B78: E00077 | C78: =IF(OR(PROPER(TRIM(Raw_Data!$B78))="M",PROPER(TRIM(Raw_Data!$B78))="MALE"),"Male", IF(OR(PROPER(TRIM(Raw_Data!$B78))="F",PROPER(TRIM(Raw_Data!$B78))="FEMALE"),"Female","Unknown")) -> Unknown | D78: =IF(TRIM(CLEAN(Raw_Data!$C78))="", "Unknown", PROPER(TRIM(Raw_Data!$C78))) -> Unknown | E78: =IF(TRIM(Raw_Data!$D78)="IT","IT",PROPER(TRIM(CLEAN(Raw_Data!$D78)))) -> Accounting And Finance | F78: Unknown | G78: =SUBSTITUTE(PROPER(TRIM(CLEAN(Raw_Data!$F78)))," ","-") -> Full-Time | H78: =PROPER(TRIM(CLEAN(Raw_Data!$G78))) -> Career Fairs | I78: =TRIM(CLEAN(Raw_Data!H78)) -> 41136 | K78: =IF(Clean_Data!$I78="","Active","Exited") -> Active | L78: =IF(Clean_Data!$K78="","",DATEDIF(Clean_Data!$K78,TODAY(),"Y")) -> 60 | M78: =IF(Raw_Data!$L78="","",VALUE(SUBSTITUTE(SUBSTITUTE(TRIM(Raw_Data!$L78),"$",""),"k","000"))) -> 32604
A79: =IF(Raw_Data!$A79="","E"&TEXT(ROW()-1,"00000"),Raw_Data!$A79) -> E00078 | B79: E00078 | C79: =IF(OR(PROPER(TRIM(Raw_Data!$B79))="M",PROPER(TRIM(Raw_Data!$B79))="MALE"),"Male", IF(OR(PROPER(TRIM(Raw_Data!$B79))="F",PROPER(TRIM(Raw_Data!$B79))="FEMALE"),"Female","Unknown")) -> Female | D79: =IF(TRIM(CLEAN(Raw_Data!$C79))="", "Unknown", PROPER(TRIM(Raw_Data!$C79))) -> Austin | E79: =IF(TRIM(Raw_Data!$D79)="IT","IT",PROPER(TRIM(CLEAN(Raw_Data!$D79)))) -> Marketing | F79: =IF(OR(UPPER(TRIM(Raw_Data!E79))="COO", UPPER(TRIM(Raw_Data!E79))="HR", UPPER(TRIM(Raw_Data!E79))="CEO", UPPER(TRIM(Raw_Data!E79))="CFO", UPPER(TRIM(Raw_Data!E79))="CMO"), UPPER(TRIM(Raw_Data!E79)), PROPER(TRIM(CLEAN(Raw_Data!E79)))) -> Marketing Manager | G79: =SUBSTITUTE(PROPER(TRIM(CLEAN(Raw_Data!$F79)))," ","-") | H79: =PROPER(TRIM(CLEAN(Raw_Data!$G79))) -> Recruiting Agency | I79: =TRIM(CLEAN(Raw_Data!H79)) -> 42252 | K79: =IF(Clean_Data!$I79="","Active","Exited") -> Exited | L79: =IF(Clean_Data!$K79="","",DATEDIF(Clean_Data!$K79,TODAY(),"Y")) -> 50 | M79: =IF(Raw_Data!$L79="","",VALUE(SUBSTITUTE(SUBSTITUTE(TRIM(Raw_Data!$L79),"$",""),"k","000")))
A80: =IF(Raw_Data!$A80="","E"&TEXT(ROW()-1,"00000"),Raw_Data!$A80) -> E00079 | B80: E00079 | C80: =IF(OR(PROPER(TRIM(Raw_Data!$B80))="M",PROPER(TRIM(Raw_Data!$B80))="MALE"),"Male", IF(OR(PROPER(TRIM(Raw_Data!$B80))="F",PROPER(TRIM(Raw_Data!$B80))="FEMALE"),"Female","Unknown")) -> Female | D80: =IF(TRIM(CLEAN(Raw_Data!$C80))="", "Unknown", PROPER(TRIM(Raw_Data!$C80))) -> Unknown | E80: =IF(TRIM(Raw_Data!$D80)="IT","IT",PROPER(TRIM(CLEAN(Raw_Data!$D80)))) | F80: =IF(OR(UPPER(TRIM(Raw_Data!E80))="COO", UPPER(TRIM(Raw_Data!E80))="HR", UPPER(TRIM(Raw_Data!E80))="CEO", UPPER(TRIM(Raw_Data!E80))="CFO", UPPER(TRIM(Raw_Data!E80))="CMO"), UPPER(TRIM(Raw_Data!E80)), PROPER(TRIM(CLEAN(Raw_Data!E80)))) -> CFO | G80: =SUBSTITUTE(PROPER(TRIM(CLEAN(Raw_Data!$F80)))," ","-") -> Full-Time | H80: =PROPER(TRIM(CLEAN(Raw_Data!$G80))) -> Organic | I80: =TRIM(CLEAN(Raw_Data!H80)) -> 42721 | K80: =IF(Clean_Data!$I80="","Active","Exited") -> Active | L80: =IF(Clean_Data!$K80="","",DATEDIF(Clean_Data!$K80,TODAY(),"Y")) -> 23 | M80: =IF(Raw_Data!$L80="","",VALUE(SUBSTITUTE(SUBSTITUTE(TRIM(Raw_Data!$L80),"$",""),"k","000"))) -> 55764
A81: =IF(Raw_Data!$A81="","E"&TEXT(ROW()-1,"00000"),Raw_Data!$A81) -> E00080 | B81: E00080 | C81: =IF(OR(PROPER(TRIM(Raw_Data!$B81))="M",PROPER(TRIM(Raw_Data!$B81))="MALE"),"Male", IF(OR(PROPER(TRIM(Raw_Data!$B81))="F",PROPER(TRIM(Raw_Data!$B81))="FEMALE"),"Female","Unknown")) -> Male | D81: =IF(TRIM(CLEAN(Raw_Data!$C81))="", "Unknown", PROPER(TRIM(Raw_Data!$C81))) -> San Diego | E81: =IF(TRIM(Raw_Data!$D81)="IT","IT",PROPER(TRIM(CLEAN(Raw_Data!$D81)))) -> Production | F81: =IF(OR(UPPER(TRIM(Raw_Data!E81))="COO", UPPER(TRIM(Raw_Data!E81))="HR", UPPER(TRIM(Raw_Data!E81))="CEO", UPPER(TRIM(Raw_Data!E81))="CFO", UPPER(TRIM(Raw_Data!E81))="CMO"), UPPER(TRIM(Raw_Data!E81)), PROPER(TRIM(CLEAN(Raw_Data!E81)))) -> Developer | G81: =SUBSTITUTE(PROPER(TRIM(CLEAN(Raw_Data!$F81)))," ","-") -> Part-Time | H81: =PROPER(TRIM(CLEAN(Raw_Data!$G81))) -> Job Boards | I81: =TRIM(CLEAN(Raw_Data!H81)) -> 43940 | K81: =IF(Clean_Data!$I81="","Active","Exited") -> Active | L81: =IF(Clean_Data!$K81="","",DATEDIF(Clean_Data!$K81,TODAY(),"Y")) -> 61 | M81: =IF(Raw_Data!$L81="","",VALUE(SUBSTITUTE(SUBSTITUTE(TRIM(Raw_Data!$L81),"$",""),"k","000"))) -> 47263
A82: =IF(Raw_Data!$A82="","E"&TEXT(ROW()-1,"00000"),Raw_Data!$A82) -> E00081 | B82: E00081 | C82: =IF(OR(PROPER(TRIM(Raw_Data!$B82))="M",PROPER(TRIM(Raw_Data!$B82))="MALE"),"Male", IF(OR(PROPER(TRIM(Raw_Data!$B82))="F",PROPER(TRIM(Raw_Data!$B82))="FEMALE"),"Female","Unknown")) -> Female | D82: =IF(TRIM(CLEAN(Raw_Data!$C82))="", "Unknown", PROPER(TRIM(Raw_Data!$C82))) -> Miami | E82: =IF(TRIM(Raw_Data!$D82)="IT","IT",PROPER(TRIM(CLEAN(Raw_Data!$D82)))) -> Sales | F82: =IF(OR(UPPER(TRIM(Raw_Data!E82))="COO", UPPER(TRIM(Raw_Data!E82))="HR", UPPER(TRIM(Raw_Data!E82))="CEO", UPPER(TRIM(Raw_Data!E82))="CFO", UPPER(TRIM(Raw_Data!E82))="CMO"), UPPER(TRIM(Raw_Data!E82)), PROPER(TRIM(CLEAN(Raw_Data!E82)))) -> Accountant | G82: =SUBSTITUTE(PROPER(TRIM(CLEAN(Raw_Data!$F82)))," ","-") -> Part-Time | H82: =PROPER(TRIM(CLEAN(Raw_Data!$G82))) -> Recruiting Agency | I82: =TRIM(CLEAN(Raw_Data!H82)) -> 40561 | K82: =IF(Clean_Data!$I82="","Active","Exited") -> Exited | L82: =IF(Clean_Data!$K82="","",DATEDIF(Clean_Data!$K82,TODAY(),"Y")) -> 50 | M82: =IF(Raw_Data!$L82="","",VALUE(SUBSTITUTE(SUBSTITUTE(TRIM(Raw_Data!$L82),"$",""),"k","000")))
A83: =IF(Raw_Data!$A83="","E"&TEXT(ROW()-1,"00000"),Raw_Data!$A83) -> E00082 | B83: E00082 | C83: =IF(OR(PROPER(TRIM(Raw_Data!$B83))="M",PROPER(TRIM(Raw_Data!$B83))="MALE"),"Male", IF(OR(PROPER(TRIM(Raw_Data!$B83))="F",PROPER(TRIM(Raw_Data!$B83))="FEMALE"),"Female","Unknown")) -> Male | D83: =IF(TRIM(CLEAN(Raw_Data!$C83))="", "Unknown", PROPER(TRIM(Raw_Data!$C83))) -> Seattle | E83: =IF(TRIM(Raw_Data!$D83)="IT","IT",PROPER(TRIM(CLEAN(Raw_Data!$D83)))) -> IT | F83: =IF(OR(UPPER(TRIM(Raw_Data!E83))="COO", UPPER(TRIM(Raw_Data!E83))="HR", UPPER(TRIM(Raw_Data!E83))="CEO", UPPER(TRIM(Raw_Data!E83))="CFO", UPPER(TRIM(Raw_Data!E83))="CMO"), UPPER(TRIM(Raw_Data!E83)), PROPER(TRIM(CLEAN(Raw_Data!E83)))) -> Developer | G83: =SUBSTITUTE(PROPER(TRIM(CLEAN(Raw_Data!$F83)))," ","-") -> Full-Time | H83: =PROPER(TRIM(CLEAN(Raw_Data!$G83))) -> Job Boards | I83: =TRIM(CLEAN(Raw_Data!H83)) -> 41015 | K83: =IF(Clean_Data!$I83="","Active","Exited") -> Exited | L83: =IF(Clean_Data!$K83="","",DATEDIF(Clean_Data!$K83,TODAY(),"Y")) -> 26 | M83: =IF(Raw_Data!$L83="","",VALUE(SUBSTITUTE(SUBSTITUTE(TRIM(Raw_Data!$L83),"$",""),"k","000"))) -> 93000
A84: =IF(Raw_Data!$A84="","E"&TEXT(ROW()-1,"00000"),Raw_Data!$A84) -> E00083 | B84: E00083 | C84: =IF(OR(PROPER(TRIM(Raw_Data!$B84))="M",PROPER(TRIM(Raw_Data!$B84))="MALE"),"Male", IF(OR(PROPER(TRIM(Raw_Data!$B84))="F",PROPER(TRIM(Raw_Data!$B84))="FEMALE"),"Female","Unknown")) -> Unknown | D84: =IF(TRIM(CLEAN(Raw_Data!$C84))="", "Unknown", PROPER(TRIM(Raw_Data!$C84))) -> Unknown | E84: =IF(TRIM(Raw_Data!$D84)="IT","IT",PROPER(TRIM(CLEAN(Raw_Data!$D84)))) -> Administrative | F84: Unknown | G84: =SUBSTITUTE(PROPER(TRIM(CLEAN(Raw_Data!$F84)))," ","-") -> Part-Time | H84: =PROPER(TRIM(CLEAN(Raw_Data!$G84))) -> Career Fairs | I84: =TRIM(CLEAN(Raw_Data!H84)) -> 43716 | K84: =IF(Clean_Data!$I84="","Active","Exited") -> Active | L84: =IF(Clean_Data!$K84="","",DATEDIF(Clean_Data!$K84,TODAY(),"Y")) -> 63 | M84: =IF(Raw_Data!$L84="","",VALUE(SUBSTITUTE(SUBSTITUTE(TRIM(Raw_Data!$L84),"$",""),"k","000"))) -> 78396
A85: =IF(Raw_Data!$A85="","E"&TEXT(ROW()-1,"00000"),Raw_Data!$A85) -> E00084 | B85: E00084 | C85: =IF(OR(PROPER(TRIM(Raw_Data!$B85))="M",PROPER(TRIM(Raw_Data!$B85))="MALE"),"Male", IF(OR(PROPER(TRIM(Raw_Data!$B85))="F",PROPER(TRIM(Raw_Data!$B85))="FEMALE"),"Female","Unknown")) -> Female | D85: =IF(TRIM(CLEAN(Raw_Data!$C85))="", "Unknown", PROPER(TRIM(Raw_Data!$C85))) -> Unknown | E85: =IF(TRIM(Raw_Data!$D85)="IT","IT",PROPER(TRIM(CLEAN(Raw_Data!$D85)))) | F85: =IF(OR(UPPER(TRIM(Raw_Data!E85))="COO", UPPER(TRIM(Raw_Data!E85))="HR", UPPER(TRIM(Raw_Data!E85))="CEO", UPPER(TRIM(Raw_Data!E85))="CFO", UPPER(TRIM(Raw_Data!E85))="CMO"), UPPER(TRIM(Raw_Data!E85)), PROPER(TRIM(CLEAN(Raw_Data!E85)))) -> Engineer | G85: =SUBSTITUTE(PROPER(TRIM(CLEAN(Raw_Data!$F85)))," ","-") -> Full-Time | H85: =PROPER(TRIM(CLEAN(Raw_Data!$G85))) -> Job Boards | I85: =TRIM(CLEAN(Raw_Data!H85)) -> 43149 | K85: =IF(Clean_Data!$I85="","Active","Exited") -> Active | L85: =IF(Clean_Data!$K85="","",DATEDIF(Clean_Data!$K85,TODAY(),"Y")) -> 63 | M85: =IF(Raw_Data!$L85="","",VALUE(SUBSTITUTE(SUBSTITUTE(TRIM(Raw_Data!$L85),"$",""),"k","000"))) -> 87120
A86: =IF(Raw_Data!$A86="","E"&TEXT(ROW()-1,"00000"),Raw_Data!$A86) -> E00085 | B86: E00085 | C86: =IF(OR(PROPER(TRIM(Raw_Data!$B86))="M",PROPER(TRIM(Raw_Data!$B86))="MALE"),"Male", IF(OR(PROPER(TRIM(Raw_Data!$B86))="F",PROPER(TRIM(Raw_Data!$B86))="FEMALE"),"Female","Unknown")) -> Male | D86: =IF(TRIM(CLEAN(Raw_Data!$C86))="", "Unknown", PROPER(TRIM(Raw_Data!$C86))) -> New York | E86: =IF(TRIM(Raw_Data!$D86)="IT","IT",PROPER(TRIM(CLEAN(Raw_Data!$D86)))) -> Production | F86: =IF(OR(UPPER(TRIM(Raw_Data!E86))="COO", UPPER(TRIM(Raw_Data!E86))="HR", UPPER(TRIM(Raw_Data!E86))="CEO", UPPER(TRIM(Raw_Data!E86))="CFO", UPPER(TRIM(Raw_Data!E86))="CMO"), UPPER(TRIM(Raw_Data!E86)), PROPER(TRIM(CLEAN(Raw_Data!E86)))) -> Marketing Manager | G86: =SUBSTITUTE(PROPER(TRIM(CLEAN(Raw_Data!$F86)))," ","-") -> Part-Time | H86: =PROPER(TRIM(CLEAN(Raw_Data!$G86))) -> Internal Referral | I86: =TRIM(CLEAN(Raw_Data!H86)) -> 40206 | K86: =IF(Clean_Data!$I86="","Active","Exited") -> Exited | L86: =IF(Clean_Data!$K86="","",DATEDIF(Clean_Data!$K86,TODAY(),"Y")) -> 52 | M86: =IF(Raw_Data!$L86="","",VALUE(SUBSTITUTE(SUBSTITUTE(TRIM(Raw_Data!$L86),"$",""),"k","000"))) -> 51049
A87: =IF(Raw_Data!$A87="","E"&TEXT(ROW()-1,"00000"),Raw_Data!$A87) -> E00086 | B87: E00086 | C87: =IF(OR(PROPER(TRIM(Raw_Data!$B87))="M",PROPER(TRIM(Raw_Data!$B87))="MALE"),"Male", IF(OR(PROPER(TRIM(Raw_Data!$B87))="F",PROPER(TRIM(Raw_Data!$B87))="FEMALE"),"Female","Unknown")) -> Unknown | D87: =IF(TRIM(CLEAN(Raw_Data!$C87))="", "Unknown", PROPER(TRIM(Raw_Data!$C87))) -> Unknown | E87: =IF(TRIM(Raw_Data!$D87)="IT","IT",PROPER(TRIM(CLEAN(Raw_Data!$D87)))) -> Research | F87: =IF(OR(UPPER(TRIM(Raw_Data!E87))="COO", UPPER(TRIM(Raw_Data!E87))="HR", UPPER(TRIM(Raw_Data!E87))="CEO", UPPER(TRIM(Raw_Data!E87))="CFO", UPPER(TRIM(Raw_Data!E87))="CMO"), UPPER(TRIM(Raw_Data!E87)), PROPER(TRIM(CLEAN(Raw_Data!E87)))) -> Analyst | G87: =SUBSTITUTE(PROPER(TRIM(CLEAN(Raw_Data!$F87)))," ","-") -> Hourly-Rate | H87: =PROPER(TRIM(CLEAN(Raw_Data!$G87))) -> Job Boards | I87: =TRIM(CLEAN(Raw_Data!H87)) -> 41921 | K87: =IF(Clean_Data!$I87="","Active","Exited") -> Exited | L87: =IF(Clean_Data!$K87="","",DATEDIF(Clean_Data!$K87,TODAY(),"Y")) -> 36 | M87: =IF(Raw_Data!$L87="","",VALUE(SUBSTITUTE(SUBSTITUTE(TRIM(Raw_Data!$L87),"$",""),"k","000"))) -> 99628
A88: =IF(Raw_Data!$A88="","E"&TEXT(ROW()-1,"00000"),Raw_Data!$A88) -> E00087 | B88: E00087 | C88: =IF(OR(PROPER(TRIM(Raw_Data!$B88))="M",PROPER(TRIM(Raw_Data!$B88))="MALE"),"Male", IF(OR(PROPER(TRIM(Raw_Data!$B88))="F",PROPER(TRIM(Raw_Data!$B88))="FEMALE"),"Female","Unknown")) -> Unknown | D88: =IF(TRIM(CLEAN(Raw_Data!$C88))="", "Unknown", PROPER(TRIM(Raw_Data!$C88))) -> San Diego | E88: =IF(TRIM(Raw_Data!$D88)="IT","IT",PROPER(TRIM(CLEAN(Raw_Data!$D88)))) -> Logistics | F88: =IF(OR(UPPER(TRIM(Raw_Data!E88))="COO", UPPER(TRIM(Raw_Data!E88))="HR", UPPER(TRIM(Raw_Data!E88))="CEO", UPPER(TRIM(Raw_Data!E88))="CFO", UPPER(TRIM(Raw_Data!E88))="CMO"), UPPER(TRIM(Raw_Data!E88)), PROPER(TRIM(CLEAN(Raw_Data!E88)))) -> CMO | G88: =SUBSTITUTE(PROPER(TRIM(CLEAN(Raw_Data!$F88)))," ","-") | H88: =PROPER(TRIM(CLEAN(Raw_Data!$G88))) -> Recruiting Agency | I88: =TRIM(CLEAN(Raw_Data!H88)) -> 42121 | K88: =IF(Clean_Data!$I88="","Active","Exited") -> Exited | L88: =IF(Clean_Data!$K88="","",DATEDIF(Clean_Data!$K88,TODAY(),"Y")) -> 29 | M88: =IF(Raw_Data!$L88="","",VALUE(SUBSTITUTE(SUBSTITUTE(TRIM(Raw_Data!$L88),"$",""),"k","000"))) -> 103907
A89: =IF(Raw_Data!$A89="","E"&TEXT(ROW()-1,"00000"),Raw_Data!$A89) -> E00088 | B89: E00088 | C89: =IF(OR(PROPER(TRIM(Raw_Data!$B89))="M",PROPER(TRIM(Raw_Data!$B89))="MALE"),"Male", IF(OR(PROPER(TRIM(Raw_Data!$B89))="F",PROPER(TRIM(Raw_Data!$B89))="FEMALE"),"Female","Unknown")) -> Male | D89: =IF(TRIM(CLEAN(Raw_Data!$C89))="", "Unknown", PROPER(TRIM(Raw_Data!$C89))) -> Seattle | E89: =IF(TRIM(Raw_Data!$D89)="IT","IT",PROPER(TRIM(CLEAN(Raw_Data!$D89)))) -> Production | F89: =IF(OR(UPPER(TRIM(Raw_Data!E89))="COO", UPPER(TRIM(Raw_Data!E89))="HR", UPPER(TRIM(Raw_Data!E89))="CEO", UPPER(TRIM(Raw_Data!E89))="CFO", UPPER(TRIM(Raw_Data!E89))="CMO"), UPPER(TRIM(Raw_Data!E89)), PROPER(TRIM(CLEAN(Raw_Data!E89)))) -> Accountant | G89: =SUBSTITUTE(PROPER(TRIM(CLEAN(Raw_Data!$F89)))," ","-") | H89: =PROPER(TRIM(CLEAN(Raw_Data!$G89))) -> Job Boards | I89: =TRIM(CLEAN(Raw_Data!H89)) -> 40253 | K89: =IF(Clean_Data!$I89="","Active","Exited") -> Active | L89: =IF(Clean_Data!$K89="","",DATEDIF(Clean_Data!$K89,TODAY(),"Y")) -> 62 | M89: =IF(Raw_Data!$L89="","",VALUE(SUBSTITUTE(SUBSTITUTE(TRIM(Raw_Data!$L89),"$",""),"k","000"))) -> 101000
A90: =IF(Raw_Data!$A90="","E"&TEXT(ROW()-1,"00000"),Raw_Data!$A90) -> E00089 | B90: E00089 | C90: =IF(OR(PROPER(TRIM(Raw_Data!$B90))="M",PROPER(TRIM(Raw_Data!$B90))="MALE"),"Male", IF(OR(PROPER(TRIM(Raw_Data!$B90))="F",PROPER(TRIM(Raw_Data!$B90))="FEMALE"),"Female","Unknown")) -> Male | D90: =IF(TRIM(CLEAN(Raw_Data!$C90))="", "Unknown", PROPER(TRIM(Raw_Data!$C90))) -> Austin | E90: =IF(TRIM(Raw_Data!$D90)="IT","IT",PROPER(TRIM(CLEAN(Raw_Data!$D90)))) -> Research | F90: Unknown | G90: =SUBSTITUTE(PROPER(TRIM(CLEAN(Raw_Data!$F90)))," ","-") -> Part-Time | H90: =PROPER(TRIM(CLEAN(Raw_Data!$G90))) -> Job Boards | I90: =TRIM(CLEAN(Raw_Data!H90)) -> 40569 | K90: =IF(Clean_Data!$I90="","Active","Exited") -> Exited | L90: =IF(Clean_Data!$K90="","",DATEDIF(Clean_Data!$K90,TODAY(),"Y")) -> 30 | M90: =IF(Raw_Data!$L90="","",VALUE(SUBSTITUTE(SUBSTITUTE(TRIM(Raw_Data!$L90),"$",""),"k","000"))) -> 43768
A91: =IF(Raw_Data!$A91="","E"&TEXT(ROW()-1,"00000"),Raw_Data!$A91) -> E00090 | B91: E00090 | C91: =IF(OR(PROPER(TRIM(Raw_Data!$B91))="M",PROPER(TRIM(Raw_Data!$B91))="MALE"),"Male", IF(OR(PROPER(TRIM(Raw_Data!$B91))="F",PROPER(TRIM(Raw_Data!$B91))="FEMALE"),"Female","Unknown")) -> Male | D91: =IF(TRIM(CLEAN(Raw_Data!$C91))="", "Unknown", PROPER(TRIM(Raw_Data!$C91))) -> New York | E91: =IF(TRIM(Raw_Data!$D91)="IT","IT",PROPER(TRIM(CLEAN(Raw_Data!$D91)))) -> Research | F91: =UPPER(LEFT(Raw_Data!E91,2))&MID(PROPER(Raw_Data!E91),3,LEN(Raw_Data!E91)) -> HR Manager | G91: =SUBSTITUTE(PROPER(TRIM(CLEAN(Raw_Data!$F91)))," ","-") -> Part-Time | H91: =PROPER(TRIM(CLEAN(Raw_Data!$G91))) -> Online Portal | I91: =TRIM(CLEAN(Raw_Data!H91)) -> 41339 | K91: =IF(Clean_Data!$I91="","Active","Exited") -> Exited | L91: =IF(Clean_Data!$K91="","",DATEDIF(Clean_Data!$K91,TODAY(),"Y")) -> 59 | M91: =IF(Raw_Data!$L91="","",VALUE(SUBSTITUTE(SUBSTITUTE(TRIM(Raw_Data!$L91),"$",""),"k","000")))
A92: =IF(Raw_Data!$A92="","E"&TEXT(ROW()-1,"00000"),Raw_Data!$A92) -> E00091 | B92: E00091 | C92: =IF(OR(PROPER(TRIM(Raw_Data!$B92))="M",PROPER(TRIM(Raw_Data!$B92))="MALE"),"Male", IF(OR(PROPER(TRIM(Raw_Data!$B92))="F",PROPER(TRIM(Raw_Data!$B92))="FEMALE"),"Female","Unknown")) -> Male | D92: =IF(TRIM(CLEAN(Raw_Data!$C92))="", "Unknown", PROPER(TRIM(Raw_Data!$C92))) -> New York | E92: =IF(TRIM(Raw_Data!$D92)="IT","IT",PROPER(TRIM(CLEAN(Raw_Data!$D92)))) -> Administrative | F92: =IF(OR(UPPER(TRIM(Raw_Data!E92))="COO", UPPER(TRIM(Raw_Data!E92))="HR", UPPER(TRIM(Raw_Data!E92))="CEO", UPPER(TRIM(Raw_Data!E92))="CFO", UPPER(TRIM(Raw_Data!E92))="CMO"), UPPER(TRIM(Raw_Data!E92)), PROPER(TRIM(CLEAN(Raw_Data!E92)))) -> Sales Executive | G92: =SUBSTITUTE(PROPER(TRIM(CLEAN(Raw_Data!$F92)))," ","-") | H92: =PROPER(TRIM(CLEAN(Raw_Data!$G92))) | I92: =TRIM(CLEAN(Raw_Data!H92)) -> 42952 | K92: =IF(Clean_Data!$I92="","Active","Exited") -> Active | L92: =IF(Clean_Data!$K92="","",DATEDIF(Clean_Data!$K92,TODAY(),"Y")) -> 25 | M92: =IF(Raw_Data!$L92="","",VALUE(SUBSTITUTE(SUBSTITUTE(TRIM(Raw_Data!$L92),"$",""),"k","000")))
A93: =IF(Raw_Data!$A93="","E"&TEXT(ROW()-1,"00000"),Raw_Data!$A93) -> E00092 | B93: E00092 | C93: =IF(OR(PROPER(TRIM(Raw_Data!$B93))="M",PROPER(TRIM(Raw_Data!$B93))="MALE"),"Male", IF(OR(PROPER(TRIM(Raw_Data!$B93))="F",PROPER(TRIM(Raw_Data!$B93))="FEMALE"),"Female","Unknown")) -> Unknown | D93: =IF(TRIM(CLEAN(Raw_Data!$C93))="", "Unknown", PROPER(TRIM(Raw_Data!$C93))) -> Unknown | E93: =IF(TRIM(Raw_Data!$D93)="IT","IT",PROPER(TRIM(CLEAN(Raw_Data!$D93)))) -> IT | F93: Unknown | G93: =SUBSTITUTE(PROPER(TRIM(CLEAN(Raw_Data!$F93)))," ","-") -> Full-Time | H93: =PROPER(TRIM(CLEAN(Raw_Data!$G93))) | I93: =TRIM(CLEAN(Raw_Data!H93)) -> 40302 | K93: =IF(Clean_Data!$I93="","Active","Exited") -> Active | L93: =IF(Clean_Data!$K93="","",DATEDIF(Clean_Data!$K93,TODAY(),"Y")) -> 40 | M93: =IF(Raw_Data!$L93="","",VALUE(SUBSTITUTE(SUBSTITUTE(TRIM(Raw_Data!$L93),"$",""),"k","000")))
A94: =IF(Raw_Data!$A94="","E"&TEXT(ROW()-1,"00000"),Raw_Data!$A94) -> E00093 | B94: E00093 | C94: =IF(OR(PROPER(TRIM(Raw_Data!$B94))="M",PROPER(TRIM(Raw_Data!$B94))="MALE"),"Male", IF(OR(PROPER(TRIM(Raw_Data!$B94))="F",PROPER(TRIM(Raw_Data!$B94))="FEMALE"),"Female","Unknown")) -> Female | D94: =IF(TRIM(CLEAN(Raw_Data!$C94))="", "Unknown", PROPER(TRIM(Raw_Data!$C94))) -> Miami | E94: =IF(TRIM(Raw_Data!$D94)="IT","IT",PROPER(TRIM(CLEAN(Raw_Data!$D94)))) -> IT | F94: =IF(OR(UPPER(TRIM(Raw_Data!E94))="COO", UPPER(TRIM(Raw_Data!E94))="HR", UPPER(TRIM(Raw_Data!E94))="CEO", UPPER(TRIM(Raw_Data!E94))="CFO", UPPER(TRIM(Raw_Data!E94))="CMO"), UPPER(TRIM(Raw_Data!E94)), PROPER(TRIM(CLEAN(Raw_Data!E94)))) -> Engineer | G94: =SUBSTITUTE(PROPER(TRIM(CLEAN(Raw_Data!$F94)))," ","-") -> Part-Time | H94: =PROPER(TRIM(CLEAN(Raw_Data!$G94))) | I94: =TRIM(CLEAN(Raw_Data!H94)) -> 44110 | K94: =IF(Clean_Data!$I94="","Active","Exited") -> Active | L94: =IF(Clean_Data!$K94="","",DATEDIF(Clean_Data!$K94,TODAY(),"Y")) -> 55 | M94: =IF(Raw_Data!$L94="","",VALUE(SUBSTITUTE(SUBSTITUTE(TRIM(Raw_Data!$L94),"$",""),"k","000")))
A95: =IF(Raw_Data!$A95="","E"&TEXT(ROW()-1,"00000"),Raw_Data!$A95) -> E00094 | B95: E00094 | C95: =IF(OR(PROPER(TRIM(Raw_Data!$B95))="M",PROPER(TRIM(Raw_Data!$B95))="MALE"),"Male", IF(OR(PROPER(TRIM(Raw_Data!$B95))="F",PROPER(TRIM(Raw_Data!$B95))="FEMALE"),"Female","Unknown")) -> Female | D95: =IF(TRIM(CLEAN(Raw_Data!$C95))="", "Unknown", PROPER(TRIM(Raw_Data!$C95))) -> San Diego | E95: =IF(TRIM(Raw_Data!$D95)="IT","IT",PROPER(TRIM(CLEAN(Raw_Data!$D95)))) -> Operations | F95: =IF(OR(UPPER(TRIM(Raw_Data!E95))="COO", UPPER(TRIM(Raw_Data!E95))="HR", UPPER(TRIM(Raw_Data!E95))="CEO", UPPER(TRIM(Raw_Data!E95))="CFO", UPPER(TRIM(Raw_Data!E95))="CMO"), UPPER(TRIM(Raw_Data!E95)), PROPER(TRIM(CLEAN(Raw_Data!E95)))) -> COO | G95: =SUBSTITUTE(PROPER(TRIM(CLEAN(Raw_Data!$F95)))," ","-") -> Full-Time | H95: =PROPER(TRIM(CLEAN(Raw_Data!$G95))) -> Career Fairs | I95: =TRIM(CLEAN(Raw_Data!H95)) -> 44065 | K95: =IF(Clean_Data!$I95="","Active","Exited") -> Active | L95: =IF(Clean_Data!$K95="","",DATEDIF(Clean_Data!$K95,TODAY(),"Y")) -> 59 | M95: =IF(Raw_Data!$L95="","",VALUE(SUBSTITUTE(SUBSTITUTE(TRIM(Raw_Data!$L95),"$",""),"k","000")))
A96: =IF(Raw_Data!$A96="","E"&TEXT(ROW()-1,"00000"),Raw_Data!$A96) -> E00095 | B96: E00095 | C96: =IF(OR(PROPER(TRIM(Raw_Data!$B96))="M",PROPER(TRIM(Raw_Data!$B96))="MALE"),"Male", IF(OR(PROPER(TRIM(Raw_Data!$B96))="F",PROPER(TRIM(Raw_Data!$B96))="FEMALE"),"Female","Unknown")) -> Female | D96: =IF(TRIM(CLEAN(Raw_Data!$C96))="", "Unknown", PROPER(TRIM(Raw_Data!$C96))) -> Unknown | E96: =IF(TRIM(Raw_Data!$D96)="IT","IT",PROPER(TRIM(CLEAN(Raw_Data!$D96)))) -> Logistics | F96: =IF(OR(UPPER(TRIM(Raw_Data!E96))="COO", UPPER(TRIM(Raw_Data!E96))="HR", UPPER(TRIM(Raw_Data!E96))="CEO", UPPER(TRIM(Raw_Data!E96))="CFO", UPPER(TRIM(Raw_Data!E96))="CMO"), UPPER(TRIM(Raw_Data!E96)), PROPER(TRIM(CLEAN(Raw_Data!E96)))) -> CMO | G96: =SUBSTITUTE(PROPER(TRIM(CLEAN(Raw_Data!$F96)))," ","-") -> Full-Time | H96: =PROPER(TRIM(CLEAN(Raw_Data!$G96))) | I96: =TRIM(CLEAN(Raw_Data!H96)) -> 40974 | K96: =IF(Clean_Data!$I96="","Active","Exited") -> Active | L96: =IF(Clean_Data!$K96="","",DATEDIF(Clean_Data!$K96,TODAY(),"Y")) -> 50 | M96: =IF(Raw_Data!$L96="","",VALUE(SUBSTITUTE(SUBSTITUTE(TRIM(Raw_Data!$L96),"$",""),"k","000"))) -> 113000
A97: =IF(Raw_Data!$A97="","E"&TEXT(ROW()-1,"00000"),Raw_Data!$A97) -> E00096 | B97: E00096 | C97: =IF(OR(PROPER(TRIM(Raw_Data!$B97))="M",PROPER(TRIM(Raw_Data!$B97))="MALE"),"Male", IF(OR(PROPER(TRIM(Raw_Data!$B97))="F",PROPER(TRIM(Raw_Data!$B97))="FEMALE"),"Female","Unknown")) -> Unknown | D97: =IF(TRIM(CLEAN(Raw_Data!$C97))="", "Unknown", PROPER(TRIM(Raw_Data!$C97))) -> San Diego | E97: =IF(TRIM(Raw_Data!$D97)="IT","IT",PROPER(TRIM(CLEAN(Raw_Data!$D97)))) -> Operations | F97: =IF(OR(UPPER(TRIM(Raw_Data!E97))="COO", UPPER(TRIM(Raw_Data!E97))="HR", UPPER(TRIM(Raw_Data!E97))="CEO", UPPER(TRIM(Raw_Data!E97))="CFO", UPPER(TRIM(Raw_Data!E97))="CMO"), UPPER(TRIM(Raw_Data!E97)), PROPER(TRIM(CLEAN(Raw_Data!E97)))) -> CFO | G97: =SUBSTITUTE(PROPER(TRIM(CLEAN(Raw_Data!$F97)))," ","-") -> Full-Time | H97: =PROPER(TRIM(CLEAN(Raw_Data!$G97))) -> Internal Referral | I97: =TRIM(CLEAN(Raw_Data!H97)) -> 40955 | K97: =IF(Clean_Data!$I97="","Active","Exited") -> Active | L97: =IF(Clean_Data!$K97="","",DATEDIF(Clean_Data!$K97,TODAY(),"Y")) -> 24 | M97: =IF(Raw_Data!$L97="","",VALUE(SUBSTITUTE(SUBSTITUTE(TRIM(Raw_Data!$L97),"$",""),"k","000")))
A98: =IF(Raw_Data!$A98="","E"&TEXT(ROW()-1,"00000"),Raw_Data!$A98) -> E00097 | B98: E00097 | C98: =IF(OR(PROPER(TRIM(Raw_Data!$B98))="M",PROPER(TRIM(Raw_Data!$B98))="MALE"),"Male", IF(OR(PROPER(TRIM(Raw_Data!$B98))="F",PROPER(TRIM(Raw_Data!$B98))="FEMALE"),"Female","Unknown")) -> Male | D98: =IF(TRIM(CLEAN(Raw_Data!$C98))="", "Unknown", PROPER(TRIM(Raw_Data!$C98))) -> Unknown | E98: =IF(TRIM(Raw_Data!$D98)="IT","IT",PROPER(TRIM(CLEAN(Raw_Data!$D98)))) -> Marketing | F98: =IF(OR(UPPER(TRIM(Raw_Data!E98))="COO", UPPER(TRIM(Raw_Data!E98))="HR", UPPER(TRIM(Raw_Data!E98))="CEO", UPPER(TRIM(Raw_Data!E98))="CFO", UPPER(TRIM(Raw_Data!E98))="CMO"), UPPER(TRIM(Raw_Data!E98)), PROPER(TRIM(CLEAN(Raw_Data!E98)))) -> Designer | G98: =SUBSTITUTE(PROPER(TRIM(CLEAN(Raw_Data!$F98)))," ","-") -> Hourly-Rate | H98: =PROPER(TRIM(CLEAN(Raw_Data!$G98))) -> Career Fairs | I98: =TRIM(CLEAN(Raw_Data!H98)) -> 42248 | K98: =IF(Clean_Data!$I98="","Active","Exited") -> Active | L98: =IF(Clean_Data!$K98="","",DATEDIF(Clean_Data!$K98,TODAY(),"Y")) -> 66 | M98: =IF(Raw_Data!$L98="","",VALUE(SUBSTITUTE(SUBSTITUTE(TRIM(Raw_Data!$L98),"$",""),"k","000"))) -> 38000
A99: =IF(Raw_Data!$A99="","E"&TEXT(ROW()-1,"00000"),Raw_Data!$A99) -> E00098 | B99: E00098 | C99: =IF(OR(PROPER(TRIM(Raw_Data!$B99))="M",PROPER(TRIM(Raw_Data!$B99))="MALE"),"Male", IF(OR(PROPER(TRIM(Raw_Data!$B99))="F",PROPER(TRIM(Raw_Data!$B99))="FEMALE"),"Female","Unknown")) -> Male | D99: =IF(TRIM(CLEAN(Raw_Data!$C99))="", "Unknown", PROPER(TRIM(Raw_Data!$C99))) -> Denver | E99: =IF(TRIM(Raw_Data!$D99)="IT","IT",PROPER(TRIM(CLEAN(Raw_Data!$D99)))) | F99: =UPPER(LEFT(Raw_Data!E99,2))&MID(PROPER(Raw_Data!E99),3,LEN(Raw_Data!E99)) -> HR Manager | G99: =SUBSTITUTE(PROPER(TRIM(CLEAN(Raw_Data!$F99)))," ","-") -> Full-Time | H99: =PROPER(TRIM(CLEAN(Raw_Data!$G99))) -> Online Portal | I99: =TRIM(CLEAN(Raw_Data!H99)) -> 43150 | K99: =IF(Clean_Data!$I99="","Active","Exited") -> Active | L99: =IF(Clean_Data!$K99="","",DATEDIF(Clean_Data!$K99,TODAY(),"Y")) -> 37 | M99: =IF(Raw_Data!$L99="","",VALUE(SUBSTITUTE(SUBSTITUTE(TRIM(Raw_Data!$L99),"$",""),"k","000"))) -> 107296
A100: =IF(Raw_Data!$A100="","E"&TEXT(ROW()-1,"00000"),Raw_Data!$A100) -> E00099 | B100: E00099 | C100: =IF(OR(PROPER(TRIM(Raw_Data!$B100))="M",PROPER(TRIM(Raw_Data!$B100))="MALE"),"Male", IF(OR(PROPER(TRIM(Raw_Data!$B100))="F",PROPER(TRIM(Raw_Data!$B100))="FEMALE"),"Female","Unknown")) -> Female | D100: =IF(TRIM(CLEAN(Raw_Data!$C100))="", "Unknown", PROPER(TRIM(Raw_Data!$C100))) -> Miami | E100: =IF(TRIM(Raw_Data!$D100)="IT","IT",PROPER(TRIM(CLEAN(Raw_Data!$D100)))) -> Production | F100: =IF(OR(UPPER(TRIM(Raw_Data!E100))="COO", UPPER(TRIM(Raw_Data!E100))="HR", UPPER(TRIM(Raw_Data!E100))="CEO", UPPER(TRIM(Raw_Data!E100))="CFO", UPPER(TRIM(Raw_Data!E100))="CMO"), UPPER(TRIM(Raw_Data!E100)), PROPER(TRIM(CLEAN(Raw_Data!E100)))) -> Marketing Manager | G100: =SUBSTITUTE(PROPER(TRIM(CLEAN(Raw_Data!$F100)))," ","-") -> Full-Time | H100: =PROPER(TRIM(CLEAN(Raw_Data!$G100))) | I100: =TRIM(CLEAN(Raw_Data!H100)) -> 41301 | K100: =IF(Clean_Data!$I100="","Active","Exited") -> Active | L100: =IF(Clean_Data!$K100="","",DATEDIF(Clean_Data!$K100,TODAY(),"Y")) -> 43 | M100: =IF(Raw_Data!$L100="","",VALUE(SUBSTITUTE(SUBSTITUTE(TRIM(Raw_Data!$L100),"$",""),"k","000")))
A101: =IF(Raw_Data!$A101="","E"&TEXT(ROW()-1,"00000"),Raw_Data!$A101) -> E00100 | B101: E00100 | C101: =IF(OR(PROPER(TRIM(Raw_Data!$B101))="M",PROPER(TRIM(Raw_Data!$B101))="MALE"),"Male", IF(OR(PROPER(TRIM(Raw_Data!$B101))="F",PROPER(TRIM(Raw_Data!$B101))="FEMALE"),"Female","Unknown")) -> Unknown | D101: =IF(TRIM(CLEAN(Raw_Data!$C101))="", "Unknown", PROPER(TRIM(Raw_Data!$C101))) -> San Diego | E101: =IF(TRIM(Raw_Data!$D101)="IT","IT",PROPER(TRIM(CLEAN(Raw_Data!$D101)))) | F101: =IF(OR(UPPER(TRIM(Raw_Data!E101))="COO", UPPER(TRIM(Raw_Data!E101))="HR", UPPER(TRIM(Raw_Data!E101))="CEO", UPPER(TRIM(Raw_Data!E101))="CFO", UPPER(TRIM(Raw_Data!E101))="CMO"), UPPER(TRIM(Raw_Data!E101)), PROPER(TRIM(CLEAN(Raw_Data!E101)))) -> Developer | G101: =SUBSTITUTE(PROPER(TRIM(CLEAN(Raw_Data!$F101)))," ","-") | H101: =PROPER(TRIM(CLEAN(Raw_Data!$G101))) -> Career Fairs | I101: =TRIM(CLEAN(Raw_Data!H101)) -> 43638 | K101: =IF(Clean_Data!$I101="","Active","Exited") -> Exited | L101: =IF(Clean_Data!$K101="","",DATEDIF(Clean_Data!$K101,TODAY(),"Y")) -> 50 | M101: =IF(Raw_Data!$L101="","",VALUE(SUBSTITUTE(SUBSTITUTE(TRIM(Raw_Data!$L101),"$",""),"k","000"))) -> 44000
A102: =IF(Raw_Data!$A102="","E"&TEXT(ROW()-1,"00000"),Raw_Data!$A102) -> E00101 | B102: E00101 | C102: =IF(OR(PROPER(TRIM(Raw_Data!$B102))="M",PROPER(TRIM(Raw_Data!$B102))="MALE"),"Male", IF(OR(PROPER(TRIM(Raw_Data!$B102))="F",PROPER(TRIM(Raw_Data!$B102))="FEMALE"),"Female","Unknown")) -> Unknown | D102: =IF(TRIM(CLEAN(Raw_Data!$C102))="", "Unknown", PROPER(TRIM(Raw_Data!$C102))) -> Unknown | E102: =IF(TRIM(Raw_Data!$D102)="IT","IT",PROPER(TRIM(CLEAN(Raw_Data!$D102)))) -> Customer Service | F102: Unknown | G102: =SUBSTITUTE(PROPER(TRIM(CLEAN(Raw_Data!$F102)))," ","-") | H102: =PROPER(TRIM(CLEAN(Raw_Data!$G102))) -> Job Boards | I102: =TRIM(CLEAN(Raw_Data!H102)) -> 43191 | K102: =IF(Clean_Data!$I102="","Active","Exited") -> Exited | L102: =IF(Clean_Data!$K102="","",DATEDIF(Clean_Data!$K102,TODAY(),"Y")) -> 39 | M102: =IF(Raw_Data!$L102="","",VALUE(SUBSTITUTE(SUBSTITUTE(TRIM(Raw_Data!$L102),"$",""),"k","000"))) -> 104226
...

Sheet Clean_Data
A1: Employee ID | B1: Gender | C1: Location | D1: Department | E1: Role | F1: ContractType | G1: Hire Source | H1: HireDate | I1: ExitDate | J1: Employee Status | K1: BirthDate | L1: Employee Age | M1: Salary | N1: Tenure
A2: E00001 | B2: Unknown | C2: New York | D2: IT | E2: Sales Executive | F2: Full-Time | G2: Career Fairs | H2: 40644 | J2: Active | K2: 38567 | L2: 20 | M2: 116056 | N2: =ROUND((IF(I2="",TODAY(),I2)-H2)/365,1) -> 15
A3: E00002 | B3: Male | C3: Austin | D3: Research | E3: Sales Executive | F3: Full-Time | G3: Unknown | H3: 40461 | J3: Active | K3: 27505 | L3: 50 | M3: 55000 | N3: =ROUND((IF(I3="",TODAY(),I3)-H3)/365,1) -> 15.5
A4: E00003 | B4: Female | C4: Seattle | D4: Operations | E4: COO | F4: Part-Time | G4: Recruiting Agency | H4: 42794 | J4: Active | K4: 24668 | L4: 58 | N4: =ROUND((IF(I4="",TODAY(),I4)-H4)/365,1) -> 9.1
A5: E00004 | B5: Unknown | C5: Austin | D5: IT | E5: Developer | F5: Full-Time | G5: Unknown | H5: 40096 | J5: Active | K5: 24231 | L5: 59 | M5: 43000 | N5: =ROUND((IF(I5="",TODAY(),I5)-H5)/365,1) -> 16.5
A6: E00005 | B6: Male | C6: Denver | D6: IT | E6: Marketing Manager | F6: Full-Time | G6: Career Fairs | H6: 39983 | J6: Active | K6: 23144 | L6: 62 | N6: =ROUND((IF(I6="",TODAY(),I6)-H6)/365,1) -> 16.8
A7: E00006 | B7: Unknown | C7: Unknown | D7: Administrative | E7: Developer | F7: Full-Time | G7: Job Boards | H7: 43104 | J7: Active | K7: 27832 | L7: 50 | M7: 112467 | N7: =ROUND((IF(I7="",TODAY(),I7)-H7)/365,1) -> 8.2
A8: E00007 | B8: Unknown | C8: Austin | D8: IT | E8: Copywriter | F8: Part-Time | G8: Job Boards | H8: 41319 | I8: 42882 | J8: Exited | N8: =ROUND((IF(I8="",TODAY(),I8)-H8)/365,1) -> 4.3
A9: E00008 | B9: Female | C9: New York | D9: Legal | E9: Developer | F9: Unknown | G9: Job Boards | H9: 43023 | I9: 44345 | J9: Exited | K9: 34583 | L9: 31 | M9: 111222 | N9: =ROUND((IF(I9="",TODAY(),I9)-H9)/365,1) -> 3.6
A10: E00009 | B10: Unknown | C10: Unknown | D10: Customer Service | E10: Analyst | F10: Part-Time | G10: Job Boards | H10: 43223 | J10: Active | K10: 28678 | L10: 47 | M10: 108356 | N10: =ROUND((IF(I10="",TODAY(),I10)-H10)/365,1) -> 7.9
A11: E00010 | B11: Male | C11: New York | D11: Marketing | E11: Developer | F11: Hourly Rate | G11: Job Boards | H11: 40250 | I11: 40485 | J11: Exited | K11: 33563 | L11: 34 | M11: 40000 | N11: =ROUND((IF(I11="",TODAY(),I11)-H11)/365,1) -> 0.6
A12: E00011 | B12: Unknown | C12: Austin | D12: Unknown | E12: Engineer | F12: Unknown | G12: Online Portal | H12: 42580 | I12: 44498 | J12: Exited | M12: 107109 | N12: =ROUND((IF(I12="",TODAY(),I12)-H12)/365,1) -> 5.3
A13: E00012 | B13: Female | C13: Unknown | D13: Sales | E13: Marketing Manager | F13: Unknown | G13: Internal Referral | H13: 42290 | J13: Active | M13: 35000 | N13: =ROUND((IF(I13="",TODAY(),I13)-H13)/365,1) -> 10.4
A14: E00013 | B14: Female | C14: Unknown | D14: Administrative | E14: Marketing Manager | F14: Full-Time | G14: Unknown | H14: 42813 | J14: Active | K14: 22130 | L14: 65 | M14: 79318 | N14: =ROUND((IF(I14="",TODAY(),I14)-H14)/365,1) -> 9
A15: E00015 | B15: Female | C15: Austin | D15: Customer Service | E15: Engineer | F15: Full-Time | G15: Career Fairs | H15: 44154 | J15: Active | K15: 26131 | L15: 54 | M15: 75703 | N15: =ROUND((IF(I15="",TODAY(),I15)-H15)/365,1) -> 5.3
A16: E00017 | B16: Unknown | C16: Miami | D16: Marketing | E16: Developer | F16: Full-Time | G16: Organic | H16: 40093 | J16: Active | K16: 33946 | L16: 33 | M16: 66358 | N16: =ROUND((IF(I16="",TODAY(),I16)-H16)/365,1) -> 16.5
A17: E00018 | B17: Male | C17: New York | D17: Unknown | E17: HR Manager | F17: Full-Time | G17: Unknown | H17: 39865 | I17: 41288 | J17: Exited | K17: 33757 | L17: 33 | N17: =ROUND((IF(I17="",TODAY(),I17)-H17)/365,1) -> 3.9
A18: E00019 | B18: Female | C18: Unknown | D18: Marketing | E18: CFO | F18: Full-Time | G18: Job Boards | H18: 42319 | J18: Active | K18: 34621 | L18: 31 | M18: 80005 | N18: =ROUND((IF(I18="",TODAY(),I18)-H18)/365,1) -> 10.4
A19: E00020 | B19: Male | C19: New York | D19: IT | E19: Engineer | F19: Unknown | G19: Organic | H19: 41906 | I19: 42277 | J19: Exited | K19: 38387 | L19: 21 | N19: =ROUND((IF(I19="",TODAY(),I19)-H19)/365,1) -> 1
A20: E00022 | B20: Male | C20: Unknown | D20: Logistics | E20: Developer | F20: Part-Time | G20: Unknown | H20: 41005 | J20: Active | K20: 24098 | L20: 60 | M20: 49491 | N20: =ROUND((IF(I20="",TODAY(),I20)-H20)/365,1) -> 14
A21: E00023 | B21: Female | C21: San Diego | D21: Administrative | E21: Copywriter | F21: Full-Time | G21: Career Fairs | H21: 43786 | J21: Active | K21: 31255 | L21: 40 | N21: =ROUND((IF(I21="",TODAY(),I21)-H21)/365,1) -> 6.3
A22: E00024 | B22: Unknown | C22: San Diego | D22: Marketing | E22: CEO | F22: Unknown | G22: Unknown | H22: 41033 | J22: Active | K22: 27366 | L22: 51 | M22: 90148 | N22: =ROUND((IF(I22="",TODAY(),I22)-H22)/365,1) -> 13.9
A23: E00025 | B23: Female | C23: New York | D23: Marketing | E23: Developer | F23: Unknown | G23: Unknown | H23: 43268 | I23: 44640 | J23: Exited | K23: 25689 | L23: 55 | N23: =ROUND((IF(I23="",TODAY(),I23)-H23)/365,1) -> 3.8
A24: E00026 | B24: Male | C24: Unknown | D24: Unknown | E24: CFO | F24: Part-Time | G24: Internal Referral | H24: 43530 | I24: 45319 | J24: Exited | K24: 23460 | L24: 61 | M24: 110000 | N24: =ROUND((IF(I24="",TODAY(),I24)-H24)/365,1) -> 4.9
A25: E00027 | B25: Unknown | C25: Austin | D25: IT | E25: CMO | F25: Unknown | G25: Career Fairs | H25: 43015 | J25: Active | M25: 83205 | N25: =ROUND((IF(I25="",TODAY(),I25)-H25)/365,1) -> 8.5
A26: E00028 | B26: Female | C26: Austin | D26: Research | E26: CEO | F26: Unknown | G26: Job Boards | H26: 43799 | J26: Active | K26: 28077 | L26: 49 | N26: =ROUND((IF(I26="",TODAY(),I26)-H26)/365,1) -> 6.3
A27: E00029 | B27: Female | C27: San Diego | D27: Administrative | E27: Engineer | F27: Unknown | G27: Internal Referral | H27: 41064 | I27: 42846 | J27: Exited | K27: 27368 | L27: 51 | M27: 76000 | N27: =ROUND((IF(I27="",TODAY(),I27)-H27)/365,1) -> 4.9
A28: E00031 | B28: Male | C28: Austin | D28: Sales | E28: Analyst | F28: Unknown | G28: Career Fairs | H28: 39845 | J28: Active | K28: 30079 | L28: 43 | N28: =ROUND((IF(I28="",TODAY(),I28)-H28)/365,1) -> 17.1
A29: E00032 | B29: Male | C29: Austin | D29: Marketing | E29: HR Manager | F29: Part-Time | G29: Organic | H29: 41099 | I29: 41752 | J29: Exited | K29: 29578 | L29: 45 | M29: 61880 | N29: =ROUND((IF(I29="",TODAY(),I29)-H29)/365,1) -> 1.8
A30: E00033 | B30: Male | C30: San Diego | D30: Administrative | E30: Unknown | F30: Part-Time | G30: Job Boards | H30: 40487 | J30: Active | K30: 23735 | L30: 61 | N30: =ROUND((IF(I30="",TODAY(),I30)-H30)/365,1) -> 15.4
A31: E00034 | B31: Female | C31: Austin | D31: Legal | E31: Accountant | F31: Unknown | G31: Online Portal | H31: 43357 | J31: Active | K31: 37123 | L31: 24 | M31: 59000 | N31: =ROUND((IF(I31="",TODAY(),I31)-H31)/365,1) -> 7.5
A32: E00035 | B32: Unknown | C32: Miami | D32: IT | E32: CFO | F32: Unknown | G32: Career Fairs | H32: 43073 | I32: 43442 | J32: Exited | K32: 23623 | L32: 61 | N32: =ROUND((IF(I32="",TODAY(),I32)-H32)/365,1) -> 1
A33: E00036 | B33: Female | C33: Miami | D33: Operations | E33: Accountant | F33: Part-Time | G33: Recruiting Agency | H33: 42211 | J33: Active | K33: 36512 | L33: 26 | M33: 31000 | N33: =ROUND((IF(I33="",TODAY(),I33)-H33)/365,1) -> 10.7
A34: E00037 | B34: Female | C34: Austin | D34: IT | E34: Unknown | F34: Hourly Rate | G34: Career Fairs | H34: 39948 | J34: Active | K34: 29201 | L34: 46 | M34: 77517 | N34: =ROUND((IF(I34="",TODAY(),I34)-H34)/365,1) -> 16.9
A35: E00038 | B35: Female | C35: Denver | D35: Marketing | E35: Unknown | F35: Full-Time | G35: Unknown | H35: 44034 | J35: Active | K35: 37775 | L35: 22 | M35: 85503 | N35: =ROUND((IF(I35="",TODAY(),I35)-H35)/365,1) -> 5.7
A36: E00039 | B36: Male | C36: New York | D36: Production | E36: Analyst | F36: Hourly Rate | G36: Job Boards | H36: 42557 | I36: 42695 | J36: Exited | K36: 36236 | L36: 26 | N36: =ROUND((IF(I36="",TODAY(),I36)-H36)/365,1) -> 0.4
A37: E00040 | B37: Male | C37: San Diego | D37: Logistics | E37: CEO | F37: Unknown | G37: Recruiting Agency | H37: 41683 | I37: 43118 | J37: Exited | K37: 23433 | L37: 62 | M37: 63023 | N37: =ROUND((IF(I37="",TODAY(),I37)-H37)/365,1) -> 3.9
A38: E00041 | B38: Female | C38: San Diego | D38: Production | E38: CFO | F38: Hourly Rate | G38: Organic | H38: 40426 | I38: 41976 | J38: Exited | K38: 22851 | L38: 63 | N38: =ROUND((IF(I38="",TODAY(),I38)-H38)/365,1) -> 4.2
A39: E00042 | B39: Female | C39: Miami | D39: Human Resources | E39: Marketing Manager | F39: Hourly Rate | G39: Organic | H39: 40459 | J39: Active | K39: 31082 | L39: 41 | N39: =ROUND((IF(I39="",TODAY(),I39)-H39)/365,1) -> 15.5
A40: E00043 | B40: Female | C40: Unknown | D40: Research | E40: Copywriter | F40: Full-Time | G40: Recruiting Agency | H40: 43954 | J40: Active | K40: 31872 | L40: 38 | M40: 51000 | N40: =ROUND((IF(I40="",TODAY(),I40)-H40)/365,1) -> 5.9
A41: E00044 | B41: Unknown | C41: Unknown | D41: IT | E41: CEO | F41: Unknown | G41: Career Fairs | H41: 43665 | J41: Active | K41: 22259 | L41: 65 | M41: 102517 | N41: =ROUND((IF(I41="",TODAY(),I41)-H41)/365,1) -> 6.7
A42: E00045 | B42: Unknown | C42: Unknown | D42: Human Resources | E42: Unknown | F42: Full-Time | G42: Internal Referral | H42: 41522 | J42: Active | K42: 30301 | L42: 43 | M42: 55211 | N42: =ROUND((IF(I42="",TODAY(),I42)-H42)/365,1) -> 12.5
A43: E00046 | B43: Male | C43: Miami | D43: Legal | E43: Engineer | F43: Part-Time | G43: Unknown | H43: 39981 | I43: 40476 | J43: Exited | K43: 37272 | L43: 24 | M43: 53964 | N43: =ROUND((IF(I43="",TODAY(),I43)-H43)/365,1) -> 1.4
A44: E00047 | B44: Female | C44: New York | D44: Unknown | E44: CFO | F44: Unknown | G44: Career Fairs | H44: 42907 | I44: 44659 | J44: Exited | K44: 37492 | L44: 23 | M44: 42730 | N44: =ROUND((IF(I44="",TODAY(),I44)-H44)/365,1) -> 4.8
A45: E00048 | B45: Unknown | C45: Unknown | D45: Unknown | E45: CMO | F45: Unknown | G45: Unknown | H45: 41481 | J45: Active | K45: 22595 | L45: 64 | M45: 91876 | N45: =ROUND((IF(I45="",TODAY(),I45)-H45)/365,1) -> 12.7
A46: E00049 | B46: Female | C46: New York | D46: Human Resources | E46: Developer | F46: Part-Time | G46: Recruiting Agency | H46: 41714 | J46: Active | K46: 34006 | L46: 33 | N46: =ROUND((IF(I46="",TODAY(),I46)-H46)/365,1) -> 12
A47: E00050 | B47: Male | C47: Austin | D47: Unknown | E47: Sales Executive | F47: Full-Time | G47: Organic | H47: 41816 | J47: Active | K47: 33690 | L47: 33 | M47: 42919 | N47: =ROUND((IF(I47="",TODAY(),I47)-H47)/365,1) -> 11.7
A48: E00051 | B48: Female | C48: Denver | D48: Research | E48: Accountant | F48: Full-Time | G48: Organic | H48: 41667 | J48: Active | K48: 30769 | L48: 41 | N48: =ROUND((IF(I48="",TODAY(),I48)-H48)/365,1) -> 12.1
A49: E00052 | B49: Female | C49: Austin | D49: Customer Service | E49: Sales Executive | F49: Hourly Rate | G49: Recruiting Agency | H49: 42764 | J49: Active | K49: 38044 | L49: 22 | M49: 67613 | N49: =ROUND((IF(I49="",TODAY(),I49)-H49)/365,1) -> 9.1
A50: E00053 | B50: Unknown | C50: New York | D50: Accounting And Finance | E50: Unknown | F50: Full-Time | G50: Career Fairs | H50: 41142 | J50: Active | K50: 37844 | L50: 22 | N50: =ROUND((IF(I50="",TODAY(),I50)-H50)/365,1) -> 13.6
A51: E00054 | B51: Unknown | C51: New York | D51: Marketing | E51: COO | F51: Unknown | G51: Job Boards | H51: 42341 | J51: Active | K51: 25576 | L51: 56 | M51: 115355 | N51: =ROUND((IF(I51="",TODAY(),I51)-H51)/365,1) -> 10.3
A52: E00056 | B52: Unknown | C52: New York | D52: Operations | E52: CEO | F52: Full-Time | G52: Organic | H52: 41601 | J52: Active | K52: 26452 | L52: 53 | N52: =ROUND((IF(I52="",TODAY(),I52)-H52)/365,1) -> 12.3
A53: E00057 | B53: Male | C53: Unknown | D53: Logistics | E53: Copywriter | F53: Full-Time | G53: Unknown | H53: 42650 | J53: Active | K53: 32408 | L53: 37 | M53: 59316 | N53: =ROUND((IF(I53="",TODAY(),I53)-H53)/365,1) -> 9.5
A54: E00058 | B54: Unknown | C54: Unknown | D54: Administrative | E54: Marketing Manager | F54: Unknown | G54: Career Fairs | H54: 40081 | I54: 41146 | J54: Exited | K54: 24049 | L54: 60 | N54: =ROUND((IF(I54="",TODAY(),I54)-H54)/365,1) -> 2.9
A55: E00059 | B55: Female | C55: New York | D55: Operations | E55: COO | F55: Hourly Rate | G55: Career Fairs | H55: 43392 | J55: Active | K55: 22682 | L55: 64 | M55: 96000 | N55: =ROUND((IF(I55="",TODAY(),I55)-H55)/365,1) -> 7.4
A56: E00060 | B56: Female | C56: Miami | D56: Research | E56: Developer | F56: Hourly Rate | G56: Organic | H56: 40377 | J56: Active | K56: 24845 | L56: 58 | M56: 55000 | N56: =ROUND((IF(I56="",TODAY(),I56)-H56)/365,1) -> 15.7
A57: E00061 | B57: Male | C57: San Diego | D57: Logistics | E57: Engineer | F57: Unknown | G57: Career Fairs | H57: 43707 | J57: Active | K57: 25034 | L57: 57 | M57: 49776 | N57: =ROUND((IF(I57="",TODAY(),I57)-H57)/365,1) -> 6.6
A58: E00063 | B58: Female | C58: Unknown | D58: Marketing | E58: CMO | F58: Part-Time | G58: Internal Referral | H58: 41950 | J58: Active | K58: 36637 | L58: 25 | M58: 97307 | N58: =ROUND((IF(I58="",TODAY(),I58)-H58)/365,1) -> 11.4
A59: E00064 | B59: Unknown | C59: Seattle | D59: IT | E59: Sales Executive | F59: Part-Time | G59: Unknown | H59: 40802 | J59: Active | K59: 27277 | L59: 51 | M59: 118424 | N59: =ROUND((IF(I59="",TODAY(),I59)-H59)/365,1) -> 14.5
A60: E00065 | B60: Female | C60: New York | D60: Human Resources | E60: HR Manager | F60: Part-Time | G60: Internal Referral | H60: 43374 | J60: Active | K60: 28299 | L60: 48 | M60: 57000 | N60: =ROUND((IF(I60="",TODAY(),I60)-H60)/365,1) -> 7.5
A61: E00066 | B61: Unknown | C61: Austin | D61: Marketing | E61: Developer | F61: Full-Time | G61: Unknown | H61: 40217 | J61: Active | K61: 26687 | L61: 53 | M61: 63934 | N61: =ROUND((IF(I61="",TODAY(),I61)-H61)/365,1) -> 16.1
A62: E00067 | B62: Female | C62: Miami | D62: IT | E62: Designer | F62: Hourly Rate | G62: Career Fairs | H62: 41147 | I62: 42780 | J62: Exited | K62: 30256 | L62: 43 | M62: 82000 | N62: =ROUND((IF(I62="",TODAY(),I62)-H62)/365,1) -> 4.5
A63: E00068 | B63: Female | C63: Unknown | D63: Human Resources | E63: CMO | F63: Hourly Rate | G63: Internal Referral | H63: 42094 | J63: Active | K63: 24548 | L63: 58 | N63: =ROUND((IF(I63="",TODAY(),I63)-H63)/365,1) -> 11
A64: E00069 | B64: Male | C64: Austin | D64: Customer Service | E64: COO | F64: Unknown | G64: Career Fairs | H64: 40698 | J64: Active | K64: 25453 | L64: 56 | M64: 114451 | N64: =ROUND((IF(I64="",TODAY(),I64)-H64)/365,1) -> 14.8
A65: E00070 | B65: Unknown | C65: New York | D65: IT | E65: Developer | F65: Part-Time | G65: Career Fairs | H65: 40725 | I65: 42291 | J65: Exited | K65: 30644 | L65: 42 | M65: 65000 | N65: =ROUND((IF(I65="",TODAY(),I65)-H65)/365,1) -> 4.3
A66: E00071 | B66: Female | C66: New York | D66: Human Resources | E66: Developer | F66: Part-Time | G66: Online Portal | H66: 40668 | J66: Active | K66: 37211 | L66: 24 | M66: 73503 | N66: =ROUND((IF(I66="",TODAY(),I66)-H66)/365,1) -> 14.9
A67: E00072 | B67: Male | C67: Miami | D67: Administrative | E67: CMO | F67: Full-Time | G67: Career Fairs | H67: 39987 | J67: Active | K67: 37680 | L67: 23 | N67: =ROUND((IF(I67="",TODAY(),I67)-H67)/365,1) -> 16.8
A68: E00073 | B68: Unknown | C68: Austin | D68: Research | E68: Copywriter | F68: Hourly Rate | G68: Organic | H68: 43027 | I68: 44888 | J68: Exited | K68: 28590 | L68: 47 | M68: 96094 | N68: =ROUND((IF(I68="",TODAY(),I68)-H68)/365,1) -> 5.1
A69: E00074 | B69: Female | C69: New York | D69: Marketing | E69: Marketing Manager | F69: Unknown | G69: Unknown | H69: 43264 | I69: 43861 | J69: Exited | M69: 119000 | N69: =ROUND((IF(I69="",TODAY(),I69)-H69)/365,1) -> 1.6
A70: E00075 | B70: Unknown | C70: New York | D70: Operations | E70: Accountant | F70: Hourly Rate | G70: Organic | H70: 42783 | J70: Active | K70: 31219 | L70: 40 | M70: 86503 | N70: =ROUND((IF(I70="",TODAY(),I70)-H70)/365,1) -> 9.1
A71: E00076 | B71: Unknown | C71: Austin | D71: Research | E71: Sales Executive | F71: Unknown | G71: Online Portal | H71: 40610 | J71: Active | K71: 34073 | L71: 32 | N71: =ROUND((IF(I71="",TODAY(),I71)-H71)/365,1) -> 15
A72: E00077 | B72: Unknown | C72: Unknown | D72: Accounting And Finance | E72: Unknown | F72: Full-Time | G72: Career Fairs | H72: 41136 | I72: 42851 | J72: Exited | K72: 30754 | L72: 42 | M72: 48000 | N72: =ROUND((IF(I72="",TODAY(),I72)-H72)/365,1) -> 4.7
A73: E00078 | B73: Female | C73: Austin | D73: Marketing | E73: Marketing Manager | F73: Unknown | G73: Recruiting Agency | H73: 42252 | J73: Active | K73: 22837 | L73: 63 | M73: 89640 | N73: =ROUND((IF(I73="",TODAY(),I73)-H73)/365,1) -> 10.5
A74: E00079 | B74: Female | C74: Unknown | D74: Unknown | E74: CFO | F74: Full-Time | G74: Organic | H74: 42721 | J74: Active | K74: 34232 | L74: 32 | M74: 104415 | N74: =ROUND((IF(I74="",TODAY(),I74)-H74)/365,1) -> 9.3
A75: E00080 | B75: Male | C75: San Diego | D75: Production | E75: Developer | F75: Part-Time | G75: Job Boards | H75: 43940 | I75: 45865 | J75: Exited | K75: 29583 | L75: 45 | N75: =ROUND((IF(I75="",TODAY(),I75)-H75)/365,1) -> 5.3
A76: E00081 | B76: Female | C76: Miami | D76: Sales | E76: Accountant | F76: Part-Time | G76: Recruiting Agency | H76: 40561 | I76: 40466 | J76: Exited | K76: 26891 | L76: 52 | N76: =ROUND((IF(I76="",TODAY(),I76)-H76)/365,1) -> -0.3
A77: E00082 | B77: Male | C77: Seattle | D77: IT | E77: Developer | F77: Full-Time | G77: Job Boards | H77: 41015 | J77: Active | K77: 30447 | L77: 42 | M77: 73842 | N77: =ROUND((IF(I77="",TODAY(),I77)-H77)/365,1) -> 13.9
A78: E00083 | B78: Unknown | C78: Unknown | D78: Administrative | E78: Unknown | F78: Part-Time | G78: Career Fairs | H78: 43716 | J78: Active | K78: 24002 | L78: 60 | M78: 32604 | N78: =ROUND((IF(I78="",TODAY(),I78)-H78)/365,1) -> 6.5
A79: E00084 | B79: Female | C79: Unknown | D79: Unknown | E79: Engineer | F79: Full-Time | G79: Job Boards | H79: 43149 | I79: 44267 | J79: Exited | K79: 27602 | L79: 50 | N79: =ROUND((IF(I79="",TODAY(),I79)-H79)/365,1) -> 3.1
A80: E00085 | B80: Male | C80: New York | D80: Production | E80: Marketing Manager | F80: Part-Time | G80: Internal Referral | H80: 40206 | J80: Active | K80: 37519 | L80: 23 | M80: 55764 | N80: =ROUND((IF(I80="",TODAY(),I80)-H80)/365,1) -> 16.2
A81: E00086 | B81: Unknown | C81: Unknown | D81: Research | E81: Analyst | F81: Hourly Rate | G81: Job Boards | H81: 41921 | J81: Active | K81: 23665 | L81: 61 | M81: 47263 | N81: =ROUND((IF(I81="",TODAY(),I81)-H81)/365,1) -> 11.5
A82: E00087 | B82: Unknown | C82: San Diego | D82: Logistics | E82: CMO | F82: Unknown | G82: Recruiting Agency | H82: 42121 | I82: 42932 | J82: Exited | K82: 27740 | L82: 50 | N82: =ROUND((IF(I82="",TODAY(),I82)-H82)/365,1) -> 2.2
A83: E00088 | B83: Male | C83: Seattle | D83: Production | E83: Accountant | F83: Unknown | G83: Job Boards | H83: 40253 | I83: 41109 | J83: Exited | K83: 36427 | L83: 26 | M83: 93000 | N83: =ROUND((IF(I83="",TODAY(),I83)-H83)/365,1) -> 2.3
A84: E00089 | B84: Male | C84: Austin | D84: Research | E84: Unknown | F84: Part-Time | G84: Job Boards | H84: 40569 | J84: Active | K84: 22819 | L84: 63 | M84: 78396 | N84: =ROUND((IF(I84="",TODAY(),I84)-H84)/365,1) -> 15.2
A85: E00090 | B85: Male | C85: New York | D85: Research | E85: HR Manager | F85: Part-Time | G85: Online Portal | H85: 41339 | J85: Active | K85: 22763 | L85: 63 | M85: 87120 | N85: =ROUND((IF(I85="",TODAY(),I85)-H85)/365,1) -> 13
A86: E00091 | B86: Male | C86: New York | D86: Administrative | E86: Sales Executive | F86: Unknown | G86: Unknown | H86: 42952 | I86: 43792 | J86: Exited | K86: 27017 | L86: 52 | M86: 51049 | N86: =ROUND((IF(I86="",TODAY(),I86)-H86)/365,1) -> 2.3
A87: E00092 | B87: Unknown | C87: Unknown | D87: IT | E87: Unknown | F87: Full-Time | G87: Unknown | H87: 40302 | I87: 41520 | J87: Exited | K87: 32844 | L87: 36 | M87: 99628 | N87: =ROUND((IF(I87="",TODAY(),I87)-H87)/365,1) -> 3.3
A88: E00093 | B88: Female | C88: Miami | D88: IT | E88: Engineer | F88: Part-Time | G88: Unknown | H88: 44110 | I88: 46060 | J88: Exited | K88: 35450 | L88: 29 | M88: 103907 | N88: =ROUND((IF(I88="",TODAY(),I88)-H88)/365,1) -> 5.3
A89: E00094 | B89: Female | C89: San Diego | D89: Operations | E89: COO | F89: Full-Time | G89: Career Fairs | H89: 44065 | J89: Active | K89: 23387 | L89: 62 | M89: 101000 | N89: =ROUND((IF(I89="",TODAY(),I89)-H89)/365,1) -> 5.6
A90: E00095 | B90: Female | C90: Unknown | D90: Logistics | E90: CMO | F90: Full-Time | G90: Unknown | H90: 40974 | I90: 41796 | J90: Exited | K90: 34785 | L90: 30 | M90: 43768 | N90: =ROUND((IF(I90="",TODAY(),I90)-H90)/365,1) -> 2.3
A91: E00096 | B91: Unknown | C91: San Diego | D91: Operations | E91: CFO | F91: Full-Time | G91: Internal Referral | H91: 40955 | I91: 41045 | J91: Exited | K91: 24500 | L91: 59 | N91: =ROUND((IF(I91="",TODAY(),I91)-H91)/365,1) -> 0.2
A92: E00097 | B92: Male | C92: Unknown | D92: Marketing | E92: Designer | F92: Hourly Rate | G92: Career Fairs | H92: 42248 | J92: Active | K92: 36606 | L92: 25 | N92: =ROUND((IF(I92="",TODAY(),I92)-H92)/365,1) -> 10.6
A93: E00098 | B93: Male | C93: Denver | D93: Unknown | E93: HR Manager | F93: Full-Time | G93: Online Portal | H93: 43150 | J93: Active | K93: 31286 | L93: 40 | N93: =ROUND((IF(I93="",TODAY(),I93)-H93)/365,1) -> 8.1
A94: E00099 | B94: Female | C94: Miami | D94: Production | E94: Marketing Manager | F94: Full-Time | G94: Unknown | H94: 41301 | J94: Active | K94: 25835 | L94: 55 | N94: =ROUND((IF(I94="",TODAY(),I94)-H94)/365,1) -> 13.2
A95: E00100 | B95: Unknown | C95: San Diego | D95: Unknown | E95: Developer | F95: Unknown | G95: Career Fairs | H95: 43638 | J95: Active | K95: 24545 | L95: 59 | N95: =ROUND((IF(I95="",TODAY(),I95)-H95)/365,1) -> 6.7
A96: E00101 | B96: Unknown | C96: Unknown | D96: Customer Service | E96: Unknown | F96: Unknown | G96: Job Boards | H96: 43191 | J96: Active | K96: 27821 | L96: 50 | M96: 113000 | N96: =ROUND((IF(I96="",TODAY(),I96)-H96)/365,1) -> 8
A97: E00102 | B97: Unknown | C97: Miami | D97: IT | E97: Analyst | F97: Unknown | G97: Job Boards | H97: 44193 | J97: Active | K97: 36971 | L97: 24 | N97: =ROUND((IF(I97="",TODAY(),I97)-H97)/365,1) -> 5.2
A98: E00103 | B98: Female | C98: Austin | D98: IT | E98: Designer | F98: Full-Time | G98: Unknown | H98: 40005 | J98: Active | K98: 21970 | L98: 66 | M98: 38000 | N98: =ROUND((IF(I98="",TODAY(),I98)-H98)/365,1) -> 16.7
A99: E00104 | B99: Male | C99: Miami | D99: Production | E99: Unknown | F99: Full-Time | G99: Recruiting Agency | H99: 43314 | J99: Active | K99: 32332 | L99: 37 | M99: 107296 | N99: =ROUND((IF(I99="",TODAY(),I99)-H99)/365,1) -> 7.6
A100: E00105 | B100: Male | C100: New York | D100: IT | E100: Unknown | F100: Unknown | G100: Unknown | H100: 42465 | J100: Active | K100: 30376 | L100: 43 | N100: =ROUND((IF(I100="",TODAY(),I100)-H100)/365,1) -> 10
...
